city,make,model,vehicle_count,all_vehicles,vehicle_share,cty,terry_hayes,janet_mills,shawn_moody,others,blank,total_votes_cast,town,winner,winner_share
West Forks Plt,Ford,F150,5,56,0.08928571428571429,SOM,3,20,20,0,1,44,West Forks Plt,Tie,0.0
Upton,GMC,Sierra,7,82,0.08536585365853659,OXF,0,10,35,0,2,47,Upton,Shawn Moody,77.77777777777777
Bridgewater,GMC,Sierra,26,452,0.05752212389380531,ARO,14,66,153,0,6,239,Bridgewater,Shawn Moody,65.66523605150215
Winter Harbor,Chevy,Silverado,29,512,0.056640625,HAN,11,117,151,0,4,283,Winter Harbor,Shawn Moody,54.121863799283155
Westport Island,Subaru,Legacy,30,845,0.03550295857988166,LIN,26,241,195,0,15,477,Westport Island,Janet Mills,52.16450216450217
Sherman,Chevy,Silverado,33,664,0.04969879518072289,ARO,41,121,321,0,9,492,Sherman,Shawn Moody,66.45962732919254
Eustis,Chevy,Silverado,35,686,0.05102040816326531,FRA,28,134,180,0,15,357,Eustis,Shawn Moody,52.63157894736842
Clifton,GMC,Sierra,36,817,0.044063647490820076,PEN,22,145,227,0,5,399,Clifton,Shawn Moody,57.61421319796954
Ogunquit,Toyota,Camry,39,1628,0.023955773955773956,YOR,35,539,272,0,13,859,Ogunquit,Janet Mills,63.71158392434988
Monroe,Chevy,Silverado,41,927,0.04422869471413161,WAL,20,279,213,1,9,522,Monroe,Janet Mills,54.3859649122807
Chester,Ford,F150,47,543,0.0865561694290976,PEN,8,57,161,0,10,236,Chester,Shawn Moody,71.23893805309734
Morrill,Chevy,Silverado,49,855,0.05730994152046784,WAL,29,208,259,0,10,506,Morrill,Shawn Moody,52.21774193548387
Mount Vernon,Subaru,Forester,53,1499,0.035356904603068715,KEN,61,437,418,0,14,930,Mount Vernon,Janet Mills,47.70742358078603
Embden,Chevy,Silverado,57,915,0.06229508196721312,SOM,28,174,235,0,7,444,Embden,Shawn Moody,53.775743707093824
Brownville,Chevy,Silverado,64,1093,0.0585544373284538,PIS,32,200,229,0,20,481,Brownville,Shawn Moody,49.67462039045553
Porter,Chevy,Silverado,69,1441,0.047883414295628035,OXF,46,228,383,0,13,670,Porter,Shawn Moody,58.29528158295282
Lubec,Chevy,Silverado,77,1118,0.06887298747763863,WAS,38,410,243,0,19,710,Lubec,Janet Mills,59.3342981186686
Albion,Chevy,Silverado,81,1759,0.04604889141557703,KEN,68,297,569,0,18,952,Albion,Shawn Moody,60.92077087794433
Searsport,Chevy,Silverado,84,2421,0.03469640644361834,WAL,70,626,532,0,38,1266,Searsport,Janet Mills,50.9771986970684
Hudson,GMC,Sierra,85,1318,0.06449165402124431,PEN,28,174,398,0,8,608,Hudson,Shawn Moody,66.33333333333333
Clinton,Chevy,Silverado,151,2903,0.052015156734412676,KEN,84,525,715,1,25,1350,Clinton,Shawn Moody,53.9622641509434
Boothbay,Chevy,Silverado,153,3355,0.04560357675111774,LIN,89,925,789,2,40,1845,Boothbay,Janet Mills,51.24653739612188
Calais,Chevy,Silverado,192,2339,0.08208636169303121,WAS,87,488,546,0,52,1173,Calais,Shawn Moody,48.706512042818915
Warren,Chevy,Silverado,205,3689,0.055570615342911356,KNO,95,674,914,1,36,1720,Warren,Shawn Moody,54.27553444180523
York,Ford,F150,328,14000,0.023428571428571427,YOR,437,4456,2729,0,237,7859,York,Janet Mills,58.462345840986615
Gorham,Chevy,Silverado,453,14476,0.03129317491019619,CUM,390,4039,4424,0,147,9000,Gorham,Shawn Moody,49.97176098497685
Standish,Chevy,Silverado,470,9188,0.05115367871136265,CUM,242,1818,2528,0,61,4649,Standish,Shawn Moody,55.10026155187445
South Portland,Nissan,Rogue,653,23227,0.028113833039135488,CUM,647,9072,3308,0,295,13322,South Portland,Janet Mills,69.63997850617947
Monhegan Island Plt,Chevy,Silverado,2,33,0.06060606060606061,LIN,9,45,7,0,2,63,Monhegan Island Plt,Janet Mills,73.77049180327869
Centerville Twp,Mitsubishi,Outlan,2,14,0.14285714285714285,WAS,0,6,6,0,1,13,Centerville Twp,Tie,0.0
Reed Plt,Chevy,Impala,7,125,0.056,ARO,4,16,41,0,1,62,Reed Plt,Shawn Moody,67.21311475409836
Edinburg,GMC,Sierra,8,114,0.07017543859649122,PEN,2,24,41,0,1,68,Edinburg,Shawn Moody,61.19402985074627
Cyr Plt,Ford,F150,11,76,0.14473684210526316,ARO,5,17,26,0,1,49,Cyr Plt,Shawn Moody,54.166666666666664
Concord Twp,Chevy,Silverado,11,144,0.0763888888888889,SOM,0,0,1,0,0,1,Concord Twp,Shawn Moody,100.0
Amity,GMC,Sierra,13,198,0.06565656565656566,ARO,2,28,62,0,3,95,Amity,Shawn Moody,67.3913043478261
Amherst,Subaru,Forester,13,247,0.05263157894736842,HAN,9,50,77,0,4,140,Amherst,Shawn Moody,56.61764705882353
Pleasant Ridge Plt,Chevy,Silverado,14,85,0.16470588235294117,SOM,3,17,21,0,1,42,Pleasant Ridge Plt,Shawn Moody,51.21951219512195
New Canada,GMC,Sierra,19,251,0.07569721115537849,ARO,11,45,58,0,2,116,New Canada,Shawn Moody,50.87719298245614
Mariaville,Chevy,Silverado,28,435,0.06436781609195402,HAN,13,90,132,1,3,239,Mariaville,Shawn Moody,55.932203389830505
Waldo,Chevy,Silverado,29,664,0.043674698795180725,WAL,26,194,183,0,11,414,Waldo,Janet Mills,48.13895781637717
New Portland,Chevy,Silverado,39,785,0.049681528662420385,SOM,30,160,173,0,8,371,New Portland,Shawn Moody,47.65840220385675
Hebron,Ford,F150,42,1162,0.03614457831325301,OXF,87,207,318,0,20,632,Hebron,Shawn Moody,51.96078431372549
Frenchville,GMC,Sierra,49,952,0.051470588235294115,ARO,22,221,216,0,26,485,Frenchville,Janet Mills,48.148148148148145
Blaine,GMC,Sierra,58,754,0.07692307692307693,ARO,15,66,239,0,8,328,Blaine,Shawn Moody,74.6875
Dresden,Chevy,Silverado,65,1667,0.038992201559688064,LIN,51,423,458,0,21,953,Dresden,Shawn Moody,49.141630901287556
Steuben,Chevy,Silverado,66,1150,0.057391304347826085,WAS,14,191,274,0,16,495,Steuben,Shawn Moody,57.20250521920668
Washburn,GMC,Sierra,76,1294,0.05873261205564142,ARO,60,217,308,0,15,600,Washburn,Shawn Moody,52.64957264957265
Fryeburg,Chevy,Silverado,140,3033,0.0461589185624794,OXF,114,787,605,0,27,1533,Fryeburg,Janet Mills,52.257636122177956
West Gardiner,Chevy,Silverado,150,3423,0.04382120946538125,KEN,120,722,999,1,36,1878,West Gardiner,Shawn Moody,54.23452768729641
Pittsfield,Chevy,Silverado,151,3220,0.046894409937888196,SOM,97,635,823,0,38,1593,Pittsfield,Shawn Moody,52.92604501607717
Camden,Subaru,Outback,195,4818,0.040473225404732256,KNO,108,2339,746,2,115,3310,Camden,Janet Mills,73.20813771517997
Eliot,Chevy,Silverado,218,6732,0.03238265002970885,YOR,195,2044,1398,0,101,3738,Eliot,Janet Mills,56.20016497113005
Greene,Chevy,Silverado,225,4048,0.05558300395256917,AND,151,620,1249,0,28,2048,Greene,Shawn Moody,61.83168316831683
Nashville Plt,GMC,Sierra,3,32,0.09375,ARO,3,4,9,0,0,16,Nashville Plt,Shawn Moody,56.25
Lincoln Plt,Dodge,Ram,3,38,0.07894736842105263,OXF,2,11,16,0,0,29,Lincoln Plt,Shawn Moody,55.172413793103445
Macwahoc Plt,GMC,Sierra,5,65,0.07692307692307693,ARO,1,9,19,0,0,29,Macwahoc Plt,Shawn Moody,65.51724137931035
Webster Plt,GMC,Sierra,6,56,0.10714285714285714,PEN,6,10,15,0,1,32,Webster Plt,Shawn Moody,48.38709677419355
Cranberry Isles,Ford,F150,7,187,0.0374331550802139,HAN,9,91,34,0,3,137,Cranberry Isles,Janet Mills,67.91044776119404
Grand Lake Stream Plt,Toyota,Tacoma,15,167,0.08982035928143713,WAS,7,28,46,0,2,83,Grand Lake Stream Plt,Shawn Moody,56.79012345679013
Woodville,Chevy,Silverado,16,199,0.08040201005025126,PEN,6,18,74,0,0,98,Woodville,Shawn Moody,75.51020408163265
Stacyville,Chevy,Silverado,20,262,0.07633587786259542,PEN,6,35,101,0,9,151,Stacyville,Shawn Moody,71.12676056338029
Carthage,Chevy,Silverado,27,492,0.054878048780487805,FRA,21,89,119,0,11,240,Carthage,Shawn Moody,51.96506550218341
Westfield,GMC,Sierra,36,421,0.0855106888361045,ARO,15,72,110,0,11,208,Westfield,Shawn Moody,55.83756345177665
Swans Island,Ford,F150,38,426,0.0892018779342723,HAN,14,83,108,0,10,215,Swans Island,Shawn Moody,52.68292682926829
Robbinston,Chevy,Silverado,44,479,0.0918580375782881,WAS,15,113,141,0,8,277,Robbinston,Shawn Moody,52.41635687732342
Sumner,Ford,F150,47,893,0.05263157894736842,OXF,110,134,203,0,4,451,Sumner,Shawn Moody,45.41387024608501
Monticello,GMC,Sierra,54,711,0.0759493670886076,ARO,20,76,205,0,12,313,Monticello,Shawn Moody,68.10631229235881
Northport,Chevy,Silverado,57,1537,0.03708523096942095,WAL,37,520,360,0,12,929,Northport,Janet Mills,56.706652126499456
Newcastle,Subaru,Forester,82,1852,0.04427645788336933,LIN,44,742,358,2,23,1169,Newcastle,Janet Mills,64.74694589877836
Windsor,Chevy,Silverado,114,2362,0.04826418289585097,KEN,74,345,677,0,24,1120,Windsor,Shawn Moody,61.77007299270073
Wilton,Ford,F150,118,3347,0.03525545264415895,FRA,115,886,844,0,38,1883,Wilton,Janet Mills,48.02168021680217
Milo,GMC,Sierra,118,1876,0.0628997867803838,PIS,53,354,462,0,25,894,Milo,Shawn Moody,53.164556962025316
Gardiner,Chevy,Silverado,164,4951,0.03312462128862856,KEN,176,1362,1036,0,71,2645,Gardiner,Janet Mills,52.913752913752916
Belfast,Chevy,Silverado,227,5453,0.04162846139739593,WAL,171,2342,1006,0,104,3623,Belfast,Janet Mills,66.55299801079852
Gray,Chevy,Silverado,324,7671,0.0422369964802503,CUM,231,1794,2135,0,97,4257,Gray,Shawn Moody,51.32211538461539
Westbrook,Toyota,Corolla,435,15607,0.027872108669186903,CUM,470,4941,3015,0,186,8612,Westbrook,Janet Mills,58.63992404462378
Talmadge,Chevy,Silverado,4,43,0.09302325581395349,WAS,1,13,18,0,0,32,Talmadge,Shawn Moody,56.25
Hersey,Ford,F150,5,56,0.08928571428571429,ARO,4,4,22,0,0,30,Hersey,Shawn Moody,73.33333333333333
Vanceboro,Ford,F150,6,97,0.061855670103092786,WAS,1,27,43,0,3,74,Vanceboro,Shawn Moody,60.563380281690144
Kingsbury Plt,Chevy,Silverado,6,30,0.2,PIS,2,8,13,0,0,23,Kingsbury Plt,Shawn Moody,56.52173913043478
Garfield Plt,Ford,F150,6,79,0.0759493670886076,ARO,4,11,19,0,0,34,Garfield Plt,Shawn Moody,55.88235294117647
Saint John Plt,GMC,Sierra,7,170,0.041176470588235294,ARO,12,51,64,0,2,129,Saint John Plt,Shawn Moody,50.39370078740158
Molunkus Twp,GMC,Sierra,8,77,0.1038961038961039,PEN,1,13,12,0,1,27,Molunkus Twp,Janet Mills,50.0
Coplin Plt,Ford,F150,13,158,0.08227848101265822,FRA,10,39,32,0,3,84,Coplin Plt,Janet Mills,48.148148148148145
Dyer Brook,Chevy,Silverado,18,204,0.08823529411764706,ARO,8,40,60,0,2,110,Dyer Brook,Shawn Moody,55.55555555555556
Caswell,GMC,Sierra,20,233,0.08583690987124463,ARO,11,55,43,0,5,114,Caswell,Janet Mills,50.45871559633027
Vienna,Chevy,Silverado,21,551,0.038112522686025406,KEN,13,192,150,0,14,369,Vienna,Janet Mills,54.08450704225352
Burlington,Ford,F150,21,310,0.06774193548387097,PEN,7,48,93,0,5,153,Burlington,Shawn Moody,62.83783783783784
Ludlow,Ford,F150,22,368,0.059782608695652176,ARO,12,55,105,0,4,176,Ludlow,Shawn Moody,61.04651162790697
Lowell,Chevy,Silverado,22,323,0.06811145510835913,PEN,9,45,140,0,2,196,Lowell,Shawn Moody,72.16494845360825
Mercer,Chevy,Silverado,30,643,0.04665629860031104,SOM,17,155,192,1,4,369,Mercer,Shawn Moody,52.602739726027394
Somerville,Chevy,Silverado,32,523,0.06118546845124283,LIN,19,106,144,0,11,280,Somerville,Shawn Moody,53.531598513011154
Saint Agatha,GMC,Sierra,50,786,0.06361323155216285,ARO,38,239,194,0,20,491,Saint Agatha,Janet Mills,50.74309978768577
Unity,Chevy,Silverado,54,1368,0.039473684210526314,WAL,52,383,315,1,36,787,Unity,Janet Mills,50.99866844207723
Mars Hill,Ford,F150,58,1051,0.05518553758325404,ARO,32,149,410,0,17,608,Mars Hill,Shawn Moody,69.37394247038917
Athens,Chevy,Silverado,58,809,0.07169344870210136,SOM,17,154,205,0,9,385,Athens,Shawn Moody,54.52127659574468
Frankfort,Chevy,Silverado,60,1109,0.05410279531109107,WAL,40,190,294,0,18,542,Frankfort,Shawn Moody,56.10687022900763
Appleton,Chevy,Silverado,61,1300,0.04692307692307692,KNO,28,391,314,22,0,755,Appleton,Janet Mills,51.788079470198674
Randolph,Chevy,Silverado,63,1477,0.04265402843601896,KEN,58,384,375,1,15,833,Randolph,Janet Mills,46.9437652811736
Machiasport,Chevy,Silverado,69,808,0.0853960396039604,WAS,17,210,179,0,12,418,Machiasport,Janet Mills,51.724137931034484
Perry,Chevy,Silverado,72,782,0.09207161125319693,WAS,25,177,193,0,9,404,Perry,Shawn Moody,48.860759493670884
Surry,Chevy,Silverado,79,1530,0.05163398692810457,HAN,39,497,361,0,11,908,Surry,Janet Mills,55.406911928651056
Nobleboro,Chevy,Silverado,80,1737,0.04605641911341393,LIN,52,509,470,0,14,1045,Nobleboro,Janet Mills,49.369544131910764
Tremont,Chevy,Silverado,90,1632,0.05514705882352941,HAN,46,451,319,0,23,839,Tremont,Janet Mills,55.26960784313726
Whitefield,Chevy,Silverado,95,2214,0.04290876242095754,LIN,65,557,574,0,19,1215,Whitefield,Shawn Moody,47.9933110367893
Leeds,Chevy,Silverado,99,2125,0.046588235294117646,AND,85,372,565,0,16,1038,Leeds,Shawn Moody,55.28375733855186
Baileyville,Chevy,Silverado,119,1292,0.09210526315789473,WAS,24,217,283,0,12,536,Baileyville,Shawn Moody,54.00763358778626
Raymond,Chevy,Silverado,182,4450,0.04089887640449438,CUM,133,1117,1273,0,28,2551,Raymond,Shawn Moody,50.455806579468884
Bar Harbor,Subaru,Forester,218,4689,0.046491789294092555,HAN,147,2133,624,0,61,2965,Bar Harbor,Janet Mills,73.4504132231405
Old Town,GMC,Sierra,220,5441,0.04043374379709612,PEN,182,1733,1187,1,98,3201,Old Town,Janet Mills,55.849178214631
Kittery,Chevy,Silverado,223,9155,0.02435827416712179,YOR,271,3163,1381,0,167,4982,Kittery,Janet Mills,65.69055036344756
Biddeford,Toyota,Camry,475,17015,0.02791654422568322,YOR,483,4559,3010,1,207,8260,Biddeford,Janet Mills,56.61244256798709
Saco,Chevy,Silverado,517,17814,0.02902211743572471,YOR,492,5127,3492,1,166,9278,Saco,Janet Mills,56.26646180860404
Lewiston,Toyota,Camry,753,23644,0.03184740314667569,AND,962,7056,5497,13,350,13878,Lewiston,Janet Mills,52.15848610289769
Westmanland,Ford,F150,7,62,0.11290322580645161,ARO,4,23,22,0,0,49,Westmanland,Janet Mills,46.93877551020408
Kingman Twp,Chevy,Impala,7,119,0.058823529411764705,PEN,2,7,39,0,1,49,Kingman Twp,Shawn Moody,81.25
Willimantic,Ford,F150,11,120,0.09166666666666666,PIS,1,22,53,0,0,76,Willimantic,Shawn Moody,69.73684210526316
Smyrna,Chevy,Silverado,15,247,0.06072874493927125,ARO,5,42,73,0,3,123,Smyrna,Shawn Moody,60.833333333333336
Moose River,GMC,Sierra,18,205,0.08780487804878048,SOM,4,15,66,0,2,87,Moose River,Shawn Moody,77.6470588235294
Medford,Ford,F150,19,251,0.07569721115537849,PIS,10,35,60,0,3,108,Medford,Shawn Moody,57.142857142857146
Sweden,Subaru,Forester,21,426,0.04929577464788732,OXF,19,100,94,0,4,217,Sweden,Janet Mills,46.948356807511736
North Haven,GMC,Sierra,45,694,0.06484149855907781,KNO,10,192,63,0,6,271,North Haven,Janet Mills,72.45283018867924
Brooklin,Subaru,Forester,46,883,0.052095130237825596,HAN,18,351,165,0,8,542,Brooklin,Janet Mills,65.73033707865169
Alexander,Chevy,Silverado,48,507,0.09467455621301775,WAS,7,74,154,1,6,242,Alexander,Shawn Moody,65.2542372881356
Smithfield,Chevy,Silverado,49,988,0.04959514170040486,SOM,18,238,257,0,7,520,Smithfield,Shawn Moody,50.097465886939574
Denmark,Chevy,Silverado,62,1299,0.04772902232486528,OXF,35,281,318,0,15,649,Denmark,Shawn Moody,50.1577287066246
Bingham,Chevy,Silverado,65,743,0.08748317631224764,SOM,27,180,222,0,18,447,Bingham,Shawn Moody,51.74825174825175
Bowdoinham,Chevy,Silverado,102,2911,0.03503950532463071,SAG,94,870,679,1,34,1678,Bowdoinham,Janet Mills,52.91970802919708
Bristol,Subaru,Forester,127,2942,0.04316791298436438,LIN,81,902,708,0,25,1716,Bristol,Janet Mills,53.34121821407451
Dexter,Chevy,Silverado,142,3183,0.04461200125667609,PEN,81,543,764,0,40,1428,Dexter,Shawn Moody,55.04322766570605
Madawaska,Ford,F150,149,3341,0.04459742592038312,ARO,116,963,610,0,71,1760,Madawaska,Janet Mills,57.01598579040853
Farmington,Ford,F150,150,4945,0.030333670374115267,FRA,57,2019,1137,1,152,3366,Farmington,Janet Mills,62.81891723708774
Sabattus,Chevy,Silverado,189,4693,0.040272746643937776,AND,146,728,1198,0,71,2143,Sabattus,Shawn Moody,57.818532818532816
Winslow,Toyota,Camry,287,6734,0.04261954261954262,KEN,197,1659,1729,0,64,3649,Winslow,Shawn Moody,48.22873082287308
Berwick,Chevy,Silverado,287,7050,0.04070921985815603,YOR,185,1294,1516,0,110,3105,Berwick,Shawn Moody,50.61769616026711
Lebanon,Chevy,Silverado,328,6305,0.05202220459952419,YOR,147,782,1369,0,63,2361,Lebanon,Shawn Moody,59.57354221061793
Moro Plt,Toyota,Rav4,3,34,0.08823529411764706,ARO,1,1,20,0,1,23,Moro Plt,Shawn Moody,90.9090909090909
Wellington,Ford,F150,12,198,0.06060606060606061,PIS,4,48,36,0,1,89,Wellington,Janet Mills,54.54545454545455
Byron,Chevy,Silverado,12,136,0.08823529411764706,OXF,7,27,50,0,1,85,Byron,Shawn Moody,59.523809523809526
Bowerbank,GMC,Sierra,12,150,0.08,PIS,2,27,60,0,3,92,Bowerbank,Shawn Moody,67.41573033707866
Gilead,Chevy,Silverado,13,158,0.08227848101265822,OXF,12,40,50,0,4,106,Gilead,Shawn Moody,49.01960784313726
Sorrento,Chevy,Silverado,16,301,0.053156146179401995,HAN,8,88,81,0,3,180,Sorrento,Janet Mills,49.717514124293785
Stoneham,Chevy,Silverado,19,277,0.06859205776173286,OXF,9,66,82,1,7,165,Stoneham,Shawn Moody,51.89873417721519
Columbia Falls,GMC,Sierra,28,426,0.06572769953051644,WAS,13,87,139,0,5,244,Columbia Falls,Shawn Moody,58.15899581589958
Waltham,Ford,F150,29,318,0.09119496855345911,HAN,6,41,127,0,4,178,Waltham,Shawn Moody,72.98850574712644
Freedom,Chevy,Silverado,30,637,0.04709576138147567,WAL,29,166,178,0,7,380,Freedom,Shawn Moody,47.72117962466488
Castle Hill,Chevy,Silverado,30,356,0.08426966292134831,ARO,17,55,114,0,6,192,Castle Hill,Shawn Moody,61.29032258064516
New Limerick,GMC,Sierra,31,555,0.055855855855855854,ARO,14,87,188,1,5,295,New Limerick,Shawn Moody,64.82758620689656
Monson,GMC,Sierra,34,598,0.056856187290969896,PIS,25,133,208,0,5,371,Monson,Shawn Moody,56.830601092896174
New Sweden,GMC,Sierra,35,514,0.06809338521400778,ARO,34,103,129,0,14,280,New Sweden,Shawn Moody,48.49624060150376
Veazie,Chevy,Silverado,51,1566,0.032567049808429116,PEN,53,537,392,0,17,999,Veazie,Janet Mills,54.68431771894094
Bradford,GMC,Sierra,58,1042,0.05566218809980806,PEN,33,160,325,0,18,536,Bradford,Shawn Moody,62.74131274131274
Jonesport,Chevy,Silverado,70,1121,0.06244424620874219,WAS,22,216,286,0,19,543,Jonesport,Shawn Moody,54.58015267175573
Friendship,Chevy,Silverado,71,1097,0.06472196900638104,KNO,27,268,338,1,17,651,Friendship,Shawn Moody,53.31230283911672
Solon,Chevy,Silverado,72,1037,0.06943105110896818,SOM,18,225,231,0,15,489,Solon,Shawn Moody,48.734177215189874
Owls Head,Chevy,Silverado,76,1629,0.04665438919582566,KNO,40,450,392,1,17,900,Owls Head,Janet Mills,50.962627406568515
Lamoine,Chevy,Silverado,77,1655,0.04652567975830816,HAN,69,459,435,0,21,984,Lamoine,Janet Mills,47.66355140186916
Limestone,GMC,Sierra,90,1281,0.0702576112412178,ARO,71,218,339,0,25,653,Limestone,Shawn Moody,53.98089171974522
Cushing,Chevy,Silverado,90,1402,0.06419400855920114,KNO,32,342,359,0,15,748,Cushing,Shawn Moody,48.97680763983629
Parsonsfield,Chevy,Silverado,94,1784,0.052690582959641255,YOR,48,326,423,0,9,806,Parsonsfield,Shawn Moody,53.07402760351317
Jefferson,Ford,F150,96,2540,0.03779527559055118,LIN,59,563,740,0,26,1388,Jefferson,Shawn Moody,54.33186490455213
Livermore Falls,Ford,F150,110,2327,0.047271164589600345,AND,92,492,466,0,22,1072,Livermore Falls,Janet Mills,46.857142857142854
Minot,Chevy,Silverado,128,2574,0.04972804972804973,AND,86,445,831,0,17,1379,Minot,Shawn Moody,61.013215859030836
Deer Isle,Chevy,Silverado,134,1934,0.06928645294725956,HAN,45,648,357,0,15,1065,Deer Isle,Janet Mills,61.714285714285715
Bridgton,Chevy,Silverado,148,4954,0.029874848607186113,CUM,186,1157,1224,0,58,2625,Bridgton,Shawn Moody,47.682119205298015
Orrington,Chevy,Silverado,176,3720,0.047311827956989246,PEN,113,826,1083,0,29,2051,Orrington,Shawn Moody,53.560830860534125
Glenburn,GMC,Sierra,236,4175,0.05652694610778443,PEN,121,806,1097,0,44,2068,Glenburn,Shawn Moody,54.19960474308301
Kennebunk,Subaru,Forester,318,11101,0.028646067921808845,YOR,308,3792,2423,0,127,6650,Kennebunk,Janet Mills,58.13276099954009
Deblois,Toyota,Tacoma,4,54,0.07407407407407407,WAS,1,7,18,0,0,26,Deblois,Shawn Moody,69.23076923076923
Carroll Plt,Ford,F150,12,126,0.09523809523809523,PEN,5,9,55,0,3,72,Carroll Plt,Shawn Moody,79.71014492753623
Saint Francis,Chevy,Silverado,17,275,0.06181818181818182,ARO,15,127,63,0,14,219,Saint Francis,Janet Mills,61.951219512195124
Passadumkeag,GMC,Sierra,20,324,0.06172839506172839,PEN,8,49,118,0,0,175,Passadumkeag,Shawn Moody,67.42857142857143
Avon,Ford,F150,24,505,0.047524752475247525,FRA,17,69,109,0,3,198,Avon,Shawn Moody,55.8974358974359
Portage Lake,Chevy,Silverado,31,394,0.07868020304568528,ARO,20,72,111,0,9,212,Portage Lake,Shawn Moody,54.679802955665025
Bremen,Subaru,Outback,37,772,0.04792746113989637,LIN,23,267,159,0,8,457,Bremen,Janet Mills,59.465478841870826
Carrabassett Valley,Subaru,Outback,38,663,0.05731523378582202,FRA,24,250,145,0,10,429,Carrabassett Valley,Janet Mills,59.665871121718375
Prospect,Chevy,Silverado,39,635,0.06141732283464567,WAL,16,131,170,0,19,336,Prospect,Shawn Moody,53.62776025236593
Phillips,Ford,F150,43,863,0.04982618771726535,FRA,28,233,247,0,16,524,Phillips,Shawn Moody,48.62204724409449
Brooksville,Toyota,Tacoma,46,1029,0.04470359572400389,HAN,29,367,175,0,8,579,Brooksville,Janet Mills,64.27320490367777
Brooks,Chevy,Silverado,49,899,0.054505005561735265,WAL,15,204,272,0,8,499,Brooks,Shawn Moody,55.39714867617108
Belmont,Chevy,Silverado,53,958,0.055323590814196244,WAL,35,209,214,0,16,474,Belmont,Shawn Moody,46.724890829694324
Moscow,Chevy,Silverado,57,477,0.11949685534591195,SOM,10,77,113,0,3,203,Moscow,Shawn Moody,56.5
Cornish,Ford,F150,60,1352,0.04437869822485207,YOR,33,309,376,0,12,730,Cornish,Shawn Moody,52.36768802228412
Howland,Chevy,Silverado,61,1009,0.06045589692765114,PEN,21,201,273,0,11,506,Howland,Shawn Moody,55.15151515151515
Kenduskeag,GMC,Sierra,68,1205,0.056431535269709544,PEN,33,189,339,0,11,572,Kenduskeag,Shawn Moody,60.42780748663102
Hartland,Chevy,Silverado,69,1360,0.05073529411764706,SOM,51,208,410,0,13,682,Hartland,Shawn Moody,61.285500747384155
Addison,Chevy,Silverado,71,1071,0.06629318394024276,WAS,26,221,298,0,7,552,Addison,Shawn Moody,54.678899082568805
Milbridge,Ford,F150,74,1445,0.05121107266435986,WAS,26,239,241,2,12,520,Milbridge,Shawn Moody,47.44094488188976
Littleton,Chevy,Silverado,76,916,0.08296943231441048,ARO,35,85,250,1,7,378,Littleton,Shawn Moody,67.38544474393531
Gouldsboro,Chevy,Silverado,86,1746,0.049255441008018326,HAN,39,402,454,0,22,917,Gouldsboro,Shawn Moody,50.726256983240226
South Thomaston,Chevy,Silverado,94,1523,0.061720288903479976,KNO,36,412,304,0,13,765,South Thomaston,Janet Mills,54.787234042553195
Mount Desert,Subaru,Forester,110,2659,0.04136893569010906,HAN,51,881,348,0,22,1302,Mount Desert,Janet Mills,68.828125
Alfred,Chevy,Silverado,114,2982,0.03822937625754527,YOR,108,719,707,0,32,1566,Alfred,Janet Mills,46.87092568448501
Rockport,Subaru,Outback,119,3493,0.03406813627254509,KNO,94,1283,675,0,74,2126,Rockport,Janet Mills,62.52436647173489
North Yarmouth,Subaru,Outback,129,3546,0.03637901861252115,CUM,103,1363,937,0,37,2440,North Yarmouth,Janet Mills,56.72076570952976
Levant,Chevy,Silverado,137,2559,0.053536537710042985,PEN,61,358,754,0,30,1203,Levant,Shawn Moody,64.27962489343564
Wiscasset,Chevy,Silverado,143,3553,0.04024767801857585,LIN,126,796,904,0,58,1884,Wiscasset,Shawn Moody,49.507119386637456
Belgrade,Chevy,Silverado,159,3247,0.048968278410840775,KEN,75,749,889,0,37,1750,Belgrade,Shawn Moody,51.89725627553999
Norridgewock,Chevy,Silverado,201,3182,0.06316781898177247,SOM,86,603,724,0,35,1448,Norridgewock,Shawn Moody,51.238499646142955
Waterboro,Chevy,Silverado,326,7437,0.04383487965577518,YOR,210,1128,1738,0,62,3138,Waterboro,Shawn Moody,56.50195058517555
Windham,Chevy,Silverado,644,15762,0.04085775916761832,CUM,467,3662,4178,2,168,8477,Windham,Shawn Moody,50.28282585148634
Matinicus Isle Plt,GMC,Sierra,6,52,0.11538461538461539,KNO,6,28,11,0,2,47,Matinicus Isle Plt,Janet Mills,62.22222222222222
Wesley,Chevy,Silverado,9,121,0.0743801652892562,WAS,4,23,34,0,3,64,Wesley,Shawn Moody,55.73770491803279
Aurora,GMC,Sierra,9,114,0.07894736842105263,HAN,4,18,36,0,0,58,Aurora,Shawn Moody,62.06896551724138
Sandy River Plt,Chevy,Silverado,10,151,0.06622516556291391,FRA,1,46,40,0,2,89,Sandy River Plt,Janet Mills,52.87356321839081
Allagash,GMC,Sierra,22,248,0.08870967741935484,ARO,5,59,57,0,7,128,Allagash,Janet Mills,48.760330578512395
Troy,Chevy,Silverado,34,835,0.0407185628742515,WAL,26,196,226,0,12,460,Troy,Shawn Moody,50.44642857142857
Columbia,Chevy,Silverado,36,399,0.09022556390977443,WAS,14,49,106,0,6,175,Columbia,Shawn Moody,62.72189349112426
Parkman,GMC,Sierra,45,757,0.059445178335535004,PIS,28,133,210,0,14,385,Parkman,Shawn Moody,56.60377358490566
Montville,Chevy,Silverado,52,912,0.05701754385964912,WAL,28,288,215,0,6,537,Montville,Janet Mills,54.23728813559322
Hope,Subaru,Forester,56,1628,0.0343980343980344,KNO,46,530,358,0,17,951,Hope,Janet Mills,56.74518201284796
Trenton,GMC,Sierra,76,1538,0.0494148244473342,HAN,50,364,339,0,23,776,Trenton,Janet Mills,48.33997343957503
Franklin,Chevy,Silverado,79,1359,0.058130978660779986,HAN,44,273,327,0,15,659,Franklin,Shawn Moody,50.77639751552795
Ashland,GMC,Sierra,86,1042,0.08253358925143954,ARO,41,149,251,0,20,461,Ashland,Shawn Moody,56.91609977324263
Sebago,Chevy,Silverado,89,1896,0.0469409282700422,CUM,38,356,529,2,12,937,Sebago,Shawn Moody,57.189189189189186
Hallowell,Subaru,Forester,89,2073,0.04293294741919923,KEN,61,1044,361,0,37,1503,Hallowell,Janet Mills,71.21418826739426
Richmond,Chevy,Silverado,102,3010,0.03388704318936877,SAG,109,695,796,0,43,1643,Richmond,Shawn Moody,49.75
Anson,Chevy,Silverado,134,2070,0.0647342995169082,SOM,54,348,480,0,20,902,Anson,Shawn Moody,54.42176870748299
Canaan,Chevy,Silverado,136,1906,0.07135362014690451,SOM,52,305,471,0,23,851,Canaan,Shawn Moody,56.88405797101449
Fort Fairfield,Ford,F150,142,2754,0.05156136528685548,ARO,150,507,688,0,41,1386,Fort Fairfield,Shawn Moody,51.152416356877325
Casco,Chevy,Silverado,146,3529,0.04137149334088977,CUM,118,698,893,0,38,1747,Casco,Shawn Moody,52.25277940315974
Carmel,GMC,Sierra,149,2639,0.05646078059871163,PEN,66,430,784,0,25,1305,Carmel,Shawn Moody,61.25
Litchfield,Chevy,Silverado,157,3666,0.04282596835788325,KEN,124,638,932,0,34,1728,Litchfield,Shawn Moody,55.01770956316411
Rumford,Chevy,Silverado,189,4558,0.041465555068012284,OXF,214,991,995,1,46,2247,Rumford,Shawn Moody,45.206724216265336
Oxford,Chevy,Silverado,200,4061,0.04924895345973898,OXF,205,533,991,0,24,1753,Oxford,Shawn Moody,57.31636784268363
New Gloucester,Chevy,Silverado,207,5257,0.03937607000190223,CUM,165,1251,1464,0,51,2931,New Gloucester,Shawn Moody,50.833333333333336
Winthrop,Chevy,Silverado,251,5574,0.04503049874416936,KEN,179,1495,1276,0,56,3006,Winthrop,Janet Mills,50.67796610169491
Cape Elizabeth,Subaru,Outback,366,8190,0.04468864468864469,CUM,192,3943,1514,0,87,5736,Cape Elizabeth,Janet Mills,69.79996459550362
Scarborough,Toyota,Camry,504,18507,0.02723293888798833,CUM,545,6110,4917,0,269,11841,Scarborough,Janet Mills,52.799861735222954
Auburn,Chevy,Silverado,510,17908,0.02847889211525575,AND,700,4578,4235,13,229,9755,Auburn,Janet Mills,48.05794667226538
Brunswick,Subaru,Forester,527,16117,0.03269839300117888,CUM,563,7578,3024,0,325,11490,Brunswick,Janet Mills,67.87281683833407
Bangor,Toyota,Camry,640,23178,0.027612391060488396,PEN,726,7116,4464,2,350,12658,Bangor,Janet Mills,57.816054598635034
Caratunk,Subaru,Forester,4,67,0.05970149253731343,SOM,1,11,29,0,4,45,Caratunk,Shawn Moody,70.73170731707317
Mattamiscontis Twp,Ford,F150,7,88,0.07954545454545454,PEN,3,4,29,0,0,36,Mattamiscontis Twp,Shawn Moody,80.55555555555556
Orneville Twp,Chevy,Silverado,13,207,0.06280193236714976,PEN,0,0,1,0,0,1,Orneville Twp,Shawn Moody,100.0
Cary Plt,Chevy,Silverado,13,186,0.06989247311827956,ARO,10,24,64,0,11,109,Cary Plt,Shawn Moody,65.3061224489796
Wade,Chevy,Silverado,14,222,0.06306306306306306,ARO,9,35,65,0,3,112,Wade,Shawn Moody,59.63302752293578
Dallas Plt,Toyota,Tundra,15,310,0.04838709677419355,FRA,8,92,80,0,2,182,Dallas Plt,Janet Mills,51.111111111111114
Newry,Toyota,Tacoma,23,466,0.04935622317596566,OXF,19,118,112,0,9,258,Newry,Janet Mills,47.389558232931726
Roxbury,GMC,Sierra,24,400,0.06,OXF,18,78,105,0,4,205,Roxbury,Shawn Moody,52.23880597014925
Marshfield,Chevy,Silverado,29,414,0.07004830917874397,WAS,5,104,132,0,3,244,Marshfield,Shawn Moody,54.77178423236514
Castine,Subaru,Outback,33,711,0.046413502109704644,HAN,14,296,141,0,10,461,Castine,Janet Mills,65.63192904656319
Canton,Chevy,Silverado,37,873,0.042382588774341354,OXF,62,135,220,1,20,438,Canton,Shawn Moody,52.63157894736842
Liberty,Chevy,Silverado,38,953,0.03987408184679958,WAL,42,206,205,0,16,469,Liberty,Janet Mills,45.47461368653422
Fayette,Ford,F150,47,1200,0.03916666666666667,KEN,35,336,300,0,2,673,Fayette,Janet Mills,50.07451564828614
Palermo,Chevy,Silverado,48,1392,0.034482758620689655,WAL,44,282,432,0,12,770,Palermo,Shawn Moody,56.992084432717675
Greenwood,Chevy,Silverado,48,850,0.05647058823529412,OXF,29,180,183,0,14,406,Greenwood,Shawn Moody,46.683673469387756
Charleston,Chevy,Silverado,52,1088,0.04779411764705882,PEN,18,129,423,0,20,590,Charleston,Shawn Moody,74.21052631578948
Lovell,Chevy,Silverado,55,1267,0.043409629044988164,OXF,43,298,281,0,12,634,Lovell,Janet Mills,47.90996784565916
Edgecomb,Subaru,Forester,58,1233,0.047039740470397405,LIN,31,377,297,0,12,717,Edgecomb,Janet Mills,53.47517730496454
Medway,Chevy,Silverado,68,1143,0.0594925634295713,PEN,37,180,336,0,19,572,Medway,Shawn Moody,60.75949367088607
Cornville,Chevy,Silverado,68,1183,0.057480980557903634,SOM,21,240,317,0,10,588,Cornville,Shawn Moody,54.844290657439444
Rangeley,Ford,F150,70,1351,0.05181347150259067,FRA,31,255,331,0,10,627,Rangeley,Shawn Moody,53.646677471636956
Pownal,Ford,F150,72,1511,0.04765056254136334,CUM,64,513,415,0,14,1006,Pownal,Janet Mills,51.71370967741935
Farmingdale,Chevy,Silverado,72,2507,0.028719585161547666,KEN,98,676,630,0,26,1430,Farmingdale,Janet Mills,48.148148148148145
Boothbay Harbor,Chevy,Silverado,74,2037,0.03632793323514973,LIN,61,644,493,1,31,1230,Boothbay Harbor,Janet Mills,53.71142618849041
West Paris,Chevy,Silverado,79,1540,0.0512987012987013,OXF,78,274,379,0,18,749,West Paris,Shawn Moody,51.84678522571819
Union,Chevy,Silverado,97,2221,0.043674020711391266,KNO,72,535,618,1,20,1246,Union,Shawn Moody,50.40783034257749
Mechanic Falls,Chevy,Silverado,107,2589,0.04132869833912708,AND,130,450,670,1,27,1278,Mechanic Falls,Shawn Moody,53.557154276578736
Fort Kent,Ford,F150,114,2714,0.04200442151805453,ARO,101,804,741,0,77,1723,Fort Kent,Janet Mills,48.8456865127582
Shapleigh,Chevy,Silverado,118,2960,0.03986486486486487,YOR,82,451,722,0,17,1272,Shapleigh,Shawn Moody,57.52988047808765
Pittston,Chevy,Silverado,118,2601,0.04536716647443291,KEN,80,545,761,0,28,1414,Pittston,Shawn Moody,54.906204906204906
North Berwick,Chevy,Silverado,172,4632,0.037132987910189985,YOR,137,981,1147,0,65,2330,North Berwick,Shawn Moody,50.6401766004415
Sidney,Chevy,Silverado,178,4127,0.04313060334383329,KEN,123,846,1268,0,43,2280,Sidney,Shawn Moody,56.683057666517655
Old Orchard Beach,Toyota,Camry,253,8393,0.03014416775884666,YOR,285,2603,1769,1,100,4758,Old Orchard Beach,Janet Mills,55.88235294117647
Waterville,Toyota,Corolla,373,9359,0.039854685329629234,KEN,345,3705,1839,0,172,6061,Waterville,Janet Mills,62.913907284768214
Maxfield,GMC,Sierra,5,87,0.05747126436781609,PEN,1,15,28,0,3,47,Maxfield,Shawn Moody,63.63636363636363
Isle Au Haut,Subaru,Outback,5,65,0.07692307692307693,KNO,4,48,8,0,5,65,Isle Au Haut,Janet Mills,80.0
Haynesville,Ford,F150,6,69,0.08695652173913043,ARO,4,10,36,0,0,50,Haynesville,Shawn Moody,72.0
Whitneyville,GMC,Sierra,11,148,0.07432432432432433,WAS,9,39,40,0,3,91,Whitneyville,Shawn Moody,45.45454545454545
Stockholm,Chevy,Silverado,12,217,0.055299539170506916,ARO,13,48,67,0,5,133,Stockholm,Shawn Moody,52.34375
Grand Isle,GMC,Sierra,22,381,0.05774278215223097,ARO,16,97,68,0,15,196,Grand Isle,Janet Mills,53.591160220994475
Cambridge,Chevy,Silverado,26,392,0.0663265306122449,SOM,6,54,125,3,0,188,Cambridge,Shawn Moody,66.48936170212765
Kingfield,Subaru,Outback,31,1038,0.029865125240847785,FRA,43,319,326,0,22,710,Kingfield,Shawn Moody,47.383720930232556
Cutler,GMC,Sierra,34,426,0.07981220657276995,WAS,10,79,153,0,6,248,Cutler,Shawn Moody,63.22314049586777
Industry,Ford,F150,39,714,0.0546218487394958,FRA,22,223,168,0,6,419,Industry,Janet Mills,53.99515738498789
Jonesboro,GMC,Sierra,44,519,0.08477842003853564,WAS,8,118,128,0,3,257,Jonesboro,Shawn Moody,50.39370078740158
South Bristol,Ford,F150,48,1084,0.04428044280442804,LIN,37,323,202,0,13,575,South Bristol,Janet Mills,57.47330960854092
Lagrange,Chevy,Silverado,49,584,0.0839041095890411,PEN,21,97,119,1,7,245,Lagrange,Shawn Moody,50.0
Chesterville,Ford,F150,55,1141,0.04820333041191937,FRA,42,299,299,1,11,652,Chesterville,Tie,0.0
Hartford,Chevy,Silverado,61,1106,0.05515370705244123,OXF,114,156,258,0,6,534,Hartford,Shawn Moody,48.86363636363637
Hodgdon,GMC,Sierra,68,1073,0.06337371854613234,ARO,41,113,368,0,14,536,Hodgdon,Shawn Moody,70.49808429118774
Southwest Harbor,Subaru,Forester,71,1877,0.03782631859350027,HAN,44,593,328,0,24,989,Southwest Harbor,Janet Mills,61.45077720207254
West Bath,Chevy,Silverado,72,1948,0.03696098562628337,SAG,69,552,492,0,31,1144,West Bath,Janet Mills,49.59568733153639
Easton,GMC,Sierra,72,1102,0.06533575317604355,ARO,50,184,337,0,10,581,Easton,Shawn Moody,59.01926444833625
Sullivan,Chevy,Silverado,78,1175,0.06638297872340425,HAN,33,274,248,0,15,570,Sullivan,Janet Mills,49.369369369369366
Bradley,Chevy,Silverado,78,1376,0.056686046511627904,PEN,50,315,301,0,14,680,Bradley,Janet Mills,47.2972972972973
Cherryfield,Chevy,Silverado,79,1016,0.07775590551181102,WAS,29,196,282,0,12,519,Cherryfield,Shawn Moody,55.62130177514793
Wales,Chevy,Silverado,80,1426,0.056100981767180924,AND,48,193,456,1,12,710,Wales,Shawn Moody,65.32951289398281
Readfield,Chevy,Silverado,88,2473,0.03558431055398301,KEN,92,753,621,0,18,1484,Readfield,Janet Mills,51.36425648021828
Buckfield,Chevy,Silverado,100,1828,0.05470459518599562,OXF,222,258,420,0,17,917,Buckfield,Shawn Moody,46.666666666666664
Corinth,GMC,Sierra,137,2497,0.05486583900680817,PEN,54,293,786,0,29,1162,Corinth,Shawn Moody,69.37334510150045
Newport,Chevy,Silverado,140,2802,0.049964311206281226,PEN,56,480,766,0,42,1344,Newport,Shawn Moody,58.83256528417819
Frye Island,Yamaha,Golf,164,505,0.32475247524752476,CUM,4,29,30,0,0,63,Frye Island,Shawn Moody,47.61904761904762
Durham,Chevy,Silverado,179,3846,0.04654186167446698,AND,113,926,1141,0,79,2259,Durham,Shawn Moody,52.3394495412844
Limington,Chevy,Silverado,180,3592,0.05011135857461024,YOR,85,561,988,0,31,1665,Limington,Shawn Moody,60.46511627906977
Millinocket,Chevy,Silverado,256,3514,0.07285145133750712,PEN,135,840,853,0,47,1875,Millinocket,Shawn Moody,46.66301969365427
Bath,Subaru,Forester,267,6561,0.04069501600365798,SAG,257,2633,1213,15,98,4216,Bath,Janet Mills,63.93880524526469
Topsham,Toyota,Rav4,270,8410,0.03210463733650416,SAG,364,2860,1881,1,124,5230,Topsham,Janet Mills,56.01253427340384
Freeport,Subaru,Outback,270,7596,0.035545023696682464,CUM,233,3289,1525,0,152,5199,Freeport,Janet Mills,65.16742619377848
Yarmouth,Subaru,Outback,297,7469,0.039764359351988215,CUM,224,3425,1570,0,170,5389,Yarmouth,Janet Mills,65.62559877371145
Waite,GMC,Sierra,6,66,0.09090909090909091,WAS,3,10,25,0,0,38,Waite,Shawn Moody,65.78947368421052
Madawaska Lake,Chevy,Silverado,6,135,0.044444444444444446,ARO,5,41,41,0,1,88,Madawaska Lake,Tie,0.0
Milton Twp,Chevy,Silverado,9,126,0.07142857142857142,OXF,7,21,35,0,1,64,Milton Twp,Shawn Moody,55.55555555555556
Orient,Chevy,Silverado,10,115,0.08695652173913043,ARO,2,20,43,0,0,65,Orient,Shawn Moody,66.15384615384616
Crawford,GMC,Sierra,11,108,0.10185185185185185,WAS,3,15,39,0,0,57,Crawford,Shawn Moody,68.42105263157895
Brighton Plt,Chevy,Silverado,12,76,0.15789473684210525,SOM,4,13,19,0,4,40,Brighton Plt,Shawn Moody,52.77777777777778
Argyle Twp,Chevy,Silverado,14,220,0.06363636363636363,PEN,7,22,38,0,1,68,Argyle Twp,Shawn Moody,56.71641791044776
Northfield,GMC,Sierra,16,137,0.11678832116788321,WAS,7,41,43,0,1,92,Northfield,Shawn Moody,47.252747252747255
Crystal,GMC,Sierra,18,240,0.075,ARO,11,26,75,0,0,112,Crystal,Shawn Moody,66.96428571428571
Baring Plt,Chevy,Silverado,18,203,0.08866995073891626,WAS,5,41,38,0,2,86,Baring Plt,Janet Mills,48.80952380952381
Arrowsic,Subaru,Forester,24,476,0.05042016806722689,SAG,13,225,85,0,9,332,Arrowsic,Janet Mills,69.6594427244582
Garland,Ford,F150,44,921,0.04777415852334419,PEN,25,145,271,0,26,467,Garland,Shawn Moody,61.45124716553288
Waterford,Chevy,Silverado,70,1581,0.044275774826059454,OXF,71,333,387,0,15,806,Waterford,Shawn Moody,48.92541087231353
Long Island,Club,Glfcrt,76,557,0.13644524236983843,CUM,5,104,50,0,4,163,Long Island,Janet Mills,65.40880503144655
Burnham,Chevy,Silverado,80,1133,0.0706090026478376,WAL,18,211,276,0,12,517,Burnham,Shawn Moody,54.65346534653465
Greenbush,GMC,Sierra,84,1286,0.06531881804043546,PEN,20,151,347,0,12,530,Greenbush,Shawn Moody,66.98841698841699
Dayton,Chevy,Silverado,100,2098,0.047664442326024785,YOR,63,347,603,0,20,1033,Dayton,Shawn Moody,59.526159921026654
Corinna,Chevy,Silverado,101,1884,0.05360934182590234,PEN,33,286,556,0,20,895,Corinna,Shawn Moody,63.542857142857144
Bethel,Chevy,Silverado,101,2567,0.03934553954031944,OXF,106,758,563,0,37,1464,Bethel,Janet Mills,53.11843027330063
Kennebunkport,GMC,Sierra,102,3941,0.02588175589951789,YOR,98,1261,871,0,47,2277,Kennebunkport,Janet Mills,56.54708520179372
Hancock,Chevy,Silverado,113,2205,0.05124716553287982,HAN,54,469,565,0,18,1106,Hancock,Shawn Moody,51.93014705882353
Orland,GMC,Sierra,116,2279,0.05089951733216323,HAN,84,555,515,0,21,1175,Orland,Janet Mills,48.09358752166378
Limerick,Chevy,Silverado,134,2869,0.04670616939700244,YOR,100,546,691,0,21,1358,Limerick,Shawn Moody,51.68287210172027
Winterport,Chevy,Silverado,146,3549,0.04113834883065652,WAL,97,830,909,0,37,1873,Winterport,Shawn Moody,49.509803921568626
Harpswell,Subaru,Forester,180,5152,0.03493788819875776,CUM,149,1788,1210,0,101,3248,Harpswell,Janet Mills,56.81601525262155
Paris,Chevy,Silverado,193,4484,0.04304192685102587,OXF,329,761,948,0,64,2102,Paris,Shawn Moody,46.5161923454367
Wells,Ford,F150,288,11582,0.024866171645657055,YOR,334,2969,2546,0,110,5959,Wells,Janet Mills,50.760813814327236
Augusta,Toyota,Camry,459,14793,0.031028189008314742,KEN,440,4018,3098,0,156,7712,Augusta,Janet Mills,53.176283748014825
Drew Plt,Dodge,Ram,2,21,0.09523809523809523,PEN,0,4,17,0,0,21,Drew Plt,Shawn Moody,80.95238095238095
Great Pond,Chevy,Silverado,4,65,0.06153846153846154,HAN,0,13,23,0,1,37,Great Pond,Shawn Moody,63.888888888888886
Frenchboro,Chevy,Silverado,4,28,0.14285714285714285,HAN,3,6,15,0,0,24,Frenchboro,Shawn Moody,62.5
Beddington,Chevy,Silverado,4,46,0.08695652173913043,WAS,0,11,21,0,1,33,Beddington,Shawn Moody,65.625
Lakeville,GMC,Sierra,8,95,0.08421052631578947,PEN,7,17,30,0,2,56,Lakeville,Shawn Moody,55.55555555555556
Hammond,GMC,Sierra,8,71,0.11267605633802817,ARO,1,11,18,0,0,30,Hammond,Shawn Moody,60.0
Cooper,GMC,Sierra,12,122,0.09836065573770492,WAS,4,33,54,0,0,91,Cooper,Shawn Moody,59.34065934065934
Hamlin,Chevy,Silverado,15,179,0.08379888268156424,ARO,4,34,47,0,3,88,Hamlin,Shawn Moody,55.294117647058826
Springfield,Ford,F150,23,288,0.0798611111111111,PEN,9,24,91,0,1,125,Springfield,Shawn Moody,73.38709677419355
Atkinson,Ford,F150,24,265,0.09056603773584905,PIS,17,53,119,0,16,205,Atkinson,Shawn Moody,62.96296296296296
Southport,Subaru,Forester,31,740,0.041891891891891894,LIN,23,206,178,0,4,411,Southport,Janet Mills,50.614250614250615
Beals,Chevy,Silverado,31,379,0.08179419525065963,WAS,5,82,125,0,6,218,Beals,Shawn Moody,58.9622641509434
Islesboro,Chevy,Silverado,34,878,0.0387243735763098,WAL,16,285,83,0,2,386,Islesboro,Janet Mills,74.21875
Rome,Chevy,Silverado,38,1025,0.037073170731707315,KEN,32,263,234,0,6,535,Rome,Janet Mills,49.716446124763706
Mattawamkeag,Chevy,Silverado,43,625,0.0688,PEN,24,99,161,0,6,290,Mattawamkeag,Shawn Moody,56.690140845070424
Danforth,GMC,Sierra,44,479,0.0918580375782881,WAS,25,79,180,0,14,298,Danforth,Shawn Moody,63.38028169014085
Chapman,Chevy,Silverado,44,442,0.09954751131221719,ARO,20,75,124,0,9,228,Chapman,Shawn Moody,56.62100456621005
Eastport,Chevy,Silverado,51,1082,0.04713493530499076,WAS,39,411,226,0,16,692,Eastport,Janet Mills,60.798816568047336
Strong,Chevy,Silverado,52,1071,0.04855275443510738,FRA,33,250,349,0,12,644,Strong,Shawn Moody,55.221518987341774
Stetson,Ford,F150,52,1103,0.0471441523118767,PEN,22,182,370,0,11,585,Stetson,Shawn Moody,64.45993031358886
Stockton Springs,Chevy,Silverado,53,1482,0.03576248313090418,WAL,48,450,396,0,15,909,Stockton Springs,Janet Mills,50.33557046979866
Guilford,GMC,Sierra,53,1134,0.04673721340388007,PIS,31,213,288,0,16,548,Guilford,Shawn Moody,54.13533834586466
Georgetown,Subaru,Forester,63,1065,0.059154929577464786,SAG,24,407,260,0,16,707,Georgetown,Janet Mills,58.90014471780029
Otisfield,Chevy,Silverado,67,1767,0.03791737408036219,OXF,73,371,458,0,12,914,Otisfield,Shawn Moody,50.7760532150776
New Sharon,Chevy,Silverado,68,1363,0.049889948642699924,FRA,54,357,374,0,8,793,New Sharon,Shawn Moody,47.64331210191083
Greenville,GMC,Sierra,71,1546,0.04592496765847348,PIS,56,366,507,0,27,956,Greenville,Shawn Moody,54.57481162540366
Woodland,GMC,Sierra,75,1150,0.06521739130434782,ARO,47,191,283,0,17,538,Woodland,Shawn Moody,54.31861804222649
Pembroke,Chevy,Silverado,77,965,0.07979274611398963,WAS,22,173,176,0,10,381,Pembroke,Shawn Moody,47.43935309973046
Brownfield,Chevy,Silverado,81,1612,0.05024813895781638,OXF,45,335,322,0,19,721,Brownfield,Janet Mills,47.72079772079772
Peru,Chevy,Silverado,86,1524,0.05643044619422572,OXF,86,264,413,0,18,781,Peru,Shawn Moody,54.12844036697248
Enfield,Chevy,Silverado,90,1384,0.06502890173410404,PEN,43,225,368,0,17,653,Enfield,Shawn Moody,57.861635220125784
Chelsea,GMC,Sierra,90,2484,0.036231884057971016,KEN,90,464,649,0,19,1222,Chelsea,Shawn Moody,53.948462177888615
Stonington,GMC,Sierra,94,1026,0.09161793372319688,HAN,19,324,166,0,10,519,Stonington,Janet Mills,63.654223968565816
Eddington,GMC,Sierra,100,2010,0.04975124378109453,PEN,79,399,630,0,26,1134,Eddington,Shawn Moody,56.85920577617328
Phippsburg,Chevy,Silverado,105,2369,0.04432249894470241,SAG,64,622,593,1,30,1310,Phippsburg,Janet Mills,48.59375
Thomaston,Chevy,Silverado,114,2418,0.04714640198511166,KNO,75,681,505,1,33,1295,Thomaston,Janet Mills,53.961965134706816
Norway,Chevy,Silverado,149,4182,0.03562888570062171,OXF,212,952,1011,0,42,2217,Norway,Shawn Moody,46.48275862068966
Arundel,Chevy,Silverado,172,4154,0.041405873856523834,YOR,125,894,1007,0,45,2071,Arundel,Shawn Moody,49.70384995064166
Vassalboro,Chevy,Silverado,181,4023,0.04499130002485707,KEN,138,831,1102,0,23,2094,Vassalboro,Shawn Moody,53.211009174311926
Oakland,Chevy,Silverado,249,5608,0.04440085592011412,KEN,213,1267,1366,0,85,2931,Oakland,Shawn Moody,47.997189037245256
Madison,Chevy,Silverado,267,3935,0.06785260482846252,SOM,119,766,953,0,37,1875,Madison,Shawn Moody,51.849836779107726
Brewer,Toyota,Camry,289,7511,0.03847690054586606,PEN,217,1881,1893,0,101,4092,Brewer,Shawn Moody,47.43172137308945
Skowhegan,Chevy,Silverado,421,6964,0.060453762205628946,SOM,146,1548,1483,0,104,3281,Skowhegan,Janet Mills,48.725212464589234
Herseytown Twp,Toyota,Rav4,2,19,0.10526315789473684,PEN,1,1,13,0,1,16,Herseytown Twp,Shawn Moody,86.66666666666667
Wyman Twp,Ford,Ranger,3,45,0.06666666666666667,FRA,2,19,14,0,2,37,Wyman Twp,Janet Mills,54.285714285714285
Osborn,Toyota,Tacoma,4,46,0.08695652173913043,HAN,0,12,27,0,1,40,Osborn,Shawn Moody,69.23076923076923
Shirley,Ford,F150,11,154,0.07142857142857142,PIS,9,36,78,0,0,123,Shirley,Shawn Moody,63.41463414634146
Meddybemps,Chevy,Silverado,18,146,0.1232876712328767,WAS,6,29,55,0,0,90,Meddybemps,Shawn Moody,61.111111111111114
Albany Twp,Chevy,Silverado,22,455,0.04835164835164835,OXF,30,102,112,0,8,252,Albany Twp,Shawn Moody,45.90163934426229
Thorndike,Chevy,Silverado,26,626,0.04153354632587859,WAL,28,183,156,3,13,383,Thorndike,Janet Mills,49.45945945945946
Jackson,Chevy,Silverado,30,520,0.057692307692307696,WAL,11,121,132,0,7,271,Jackson,Shawn Moody,50.0
Temple,Chevy,Silverado,31,432,0.07175925925925926,FRA,21,150,100,0,4,275,Temple,Janet Mills,55.35055350553505
Knox,Chevy,Silverado,37,696,0.05316091954022988,WAL,24,124,220,0,12,380,Knox,Shawn Moody,59.78260869565217
Chebeague Island,Subaru,Forester,46,938,0.04904051172707889,CUM,9,201,66,0,6,282,Chebeague Island,Janet Mills,72.82608695652173
Penobscot,GMC,Sierra,48,1026,0.04678362573099415,HAN,35,423,249,0,15,722,Penobscot,Janet Mills,59.83026874115983
Harmony,Chevy,Silverado,50,763,0.0655307994757536,SOM,28,122,229,0,10,389,Harmony,Shawn Moody,60.422163588390504
Wayne,Chevy,Silverado,60,1286,0.04665629860031104,KEN,39,386,290,0,15,730,Wayne,Janet Mills,53.98601398601399
Newfield,Chevy,Silverado,66,1628,0.04054054054054054,YOR,54,267,401,0,15,737,Newfield,Shawn Moody,55.54016620498615
Dixmont,Chevy,Silverado,77,1158,0.06649395509499137,PEN,35,239,320,0,25,619,Dixmont,Shawn Moody,53.872053872053876
Palmyra,Chevy,Silverado,90,1774,0.05073280721533258,SOM,57,251,538,0,27,873,Palmyra,Shawn Moody,63.593380614657214
Damariscotta,Subaru,Forester,98,1959,0.050025523226135786,LIN,64,749,373,0,34,1220,Damariscotta,Janet Mills,63.15345699831366
Bowdoin,Ford,F150,108,2830,0.03816254416961131,SAG,100,530,859,1,23,1513,Bowdoin,Shawn Moody,57.651006711409394
Blue Hill,Subaru,Outback,122,2751,0.044347509996364956,HAN,84,1037,503,0,25,1649,Blue Hill,Janet Mills,63.854679802955665
Waldoboro,Chevy,Silverado,257,4568,0.05626094570928196,LIN,134,1030,1108,0,41,2313,Waldoboro,Shawn Moody,48.767605633802816
Hampden,Chevy,Silverado,261,6721,0.0388335069186133,PEN,167,1655,1687,0,163,3672,Hampden,Shawn Moody,48.07637503562268
Lisbon,Chevy,Silverado,283,8138,0.034775129024330304,AND,325,1536,2060,0,99,4020,Lisbon,Shawn Moody,52.53761795460342
Cumberland,Subaru,Outback,292,7266,0.040187173135150016,CUM,205,2967,1909,2,96,5179,Cumberland,Janet Mills,58.3710407239819
Presque Isle,Chevy,Silverado,326,6914,0.04715070870697136,ARO,297,1250,1656,0,168,3371,Presque Isle,Shawn Moody,51.70152981579769
Ellsworth,Chevy,Silverado,330,6923,0.047667196302181136,HAN,223,1747,1698,0,97,3765,Ellsworth,Janet Mills,47.62813522355507
The Forks Plt,Ford,F150,5,68,0.07352941176470588,SOM,2,16,18,0,2,38,The Forks Plt,Shawn Moody,50.0
Seboeis Plt,Chevy,Silverado,5,36,0.1388888888888889,PEN,0,14,16,0,0,30,Seboeis Plt,Shawn Moody,53.333333333333336
Magalloway Plt,Chevy,Silverado,6,48,0.125,OXF,1,6,8,0,0,15,Magalloway Plt,Shawn Moody,53.333333333333336
Beaver Cove,Chevy,Silverado,8,149,0.053691275167785234,PIS,4,35,56,0,4,99,Beaver Cove,Shawn Moody,58.94736842105263
Topsfield,GMC,Sierra,15,180,0.08333333333333333,WAS,7,17,75,0,1,100,Topsfield,Shawn Moody,75.75757575757575
Rangeley Plt,Ford,F150,17,259,0.06563706563706563,FRA,3,50,85,0,1,139,Rangeley Plt,Shawn Moody,61.594202898550726
Eastbrook,Chevy,Silverado,18,361,0.04986149584487535,HAN,13,50,93,0,2,158,Eastbrook,Shawn Moody,59.61538461538461
Winn,Chevy,Silverado,22,355,0.061971830985915494,PEN,6,49,99,0,1,155,Winn,Shawn Moody,64.28571428571429
Verona Island,Chevy,Silverado,23,472,0.048728813559322036,HAN,20,119,134,0,8,281,Verona Island,Shawn Moody,49.08424908424909
Masardis,Chevy,Silverado,23,216,0.10648148148148148,ARO,9,30,50,0,4,93,Masardis,Shawn Moody,56.17977528089887
Detroit,Chevy,Silverado,28,724,0.03867403314917127,SOM,22,135,161,0,5,323,Detroit,Shawn Moody,50.62893081761006
Ripley,Ford,F150,29,496,0.05846774193548387,SOM,11,88,118,0,3,220,Ripley,Shawn Moody,54.3778801843318
Alna,Subaru,Forester,36,707,0.05091937765205092,LIN,25,271,167,0,8,471,Alna,Janet Mills,58.53131749460043
Starks,Chevy,Silverado,38,588,0.06462585034013606,SOM,22,130,132,0,5,289,Starks,Shawn Moody,46.478873239436616
Abbot,Chevy,Silverado,38,633,0.06003159557661927,PIS,21,106,179,0,6,312,Abbot,Shawn Moody,58.49673202614379
Andover,Chevy,Silverado,40,752,0.05319148936170213,OXF,37,164,230,0,12,443,Andover,Shawn Moody,53.364269141531324
Sebec,Chevy,Silverado,45,644,0.06987577639751552,PIS,15,97,212,0,6,330,Sebec,Shawn Moody,65.4320987654321
Island Falls,GMC,Sierra,48,633,0.07582938388625593,ARO,27,114,183,0,5,329,Island Falls,Shawn Moody,56.48148148148148
Jackman,Chevy,Silverado,50,739,0.06765899864682003,SOM,19,110,273,0,15,417,Jackman,Shawn Moody,67.91044776119404
Exeter,Ford,F150,50,943,0.053022269353128315,PEN,37,154,248,0,13,452,Exeter,Shawn Moody,56.49202733485193
Patten,Chevy,Silverado,54,843,0.06405693950177936,PEN,24,135,221,0,13,393,Patten,Shawn Moody,58.1578947368421
Princeton,Chevy,Silverado,56,685,0.08175182481751825,WAS,26,108,214,0,5,353,Princeton,Shawn Moody,61.49425287356322
Linneus,Chevy,Silverado,59,761,0.07752956636005257,ARO,31,59,251,0,13,354,Linneus,Shawn Moody,73.60703812316716
Harrington,Chevy,Silverado,62,838,0.07398568019093078,WAS,20,126,231,0,7,384,Harrington,Shawn Moody,61.273209549071616
Washington,Chevy,Silverado,75,1451,0.051688490696071676,KNO,49,323,401,1,22,796,Washington,Shawn Moody,51.80878552971576
Swanville,Chevy,Silverado,75,1253,0.05985634477254589,WAL,44,278,361,0,17,700,Swanville,Shawn Moody,52.85505124450952
Dedham,Chevy,Silverado,76,1622,0.0468557336621455,HAN,56,410,472,0,21,959,Dedham,Shawn Moody,50.31982942430704
Hiram,Chevy,Silverado,81,1521,0.05325443786982249,OXF,32,272,347,0,12,663,Hiram,Shawn Moody,53.3026113671275
Newburgh,Chevy,Silverado,88,1510,0.05827814569536424,PEN,37,293,476,0,16,822,Newburgh,Shawn Moody,59.05707196029777
Dixfield,Ford,F150,88,1994,0.044132397191574725,OXF,95,353,535,0,19,1002,Dixfield,Shawn Moody,54.425228891149544
Orono,Subaru,Forester,131,4014,0.03263577478824116,PEN,248,2969,1029,0,158,4404,Orono,Janet Mills,69.92463495054169
Woolwich,Subaru,Forester,146,3116,0.04685494223363286,SAG,116,758,856,0,40,1770,Woolwich,Shawn Moody,49.47976878612717
Holden,GMC,Sierra,151,3087,0.04891480401684483,PEN,79,663,994,0,33,1769,Holden,Shawn Moody,57.25806451612903
Dover-Foxcroft,Chevy,Silverado,162,3562,0.045480067377877596,PIS,117,725,880,0,69,1791,Dover-Foxcroft,Shawn Moody,51.10336817653891
Rockland,Chevy,Silverado,178,5392,0.03301186943620178,KNO,147,1895,943,1,74,3060,Rockland,Janet Mills,63.46282652377763
Naples,Chevy,Silverado,186,4021,0.046257149962695844,CUM,115,733,1109,0,31,1988,Naples,Shawn Moody,56.66836995401124
China,Chevy,Silverado,197,4154,0.04742416947520462,KEN,116,864,1041,0,37,2058,China,Shawn Moody,51.509153884215735
Lincoln,Ford,F150,218,4165,0.05234093637454982,PEN,116,660,1114,0,49,1939,Lincoln,Shawn Moody,58.94179894179894
Houlton,Chevy,Silverado,227,4327,0.05246128957707419,ARO,184,729,1099,0,68,2080,Houlton,Shawn Moody,54.62226640159046
Turner,Chevy,Silverado,252,5345,0.04714686623012161,AND,211,891,1526,0,45,2673,Turner,Shawn Moody,58.06697108066971
Buxton,Chevy,Silverado,414,7948,0.052088575742325116,YOR,172,1580,2334,0,50,4136,Buxton,Shawn Moody,57.12187958883994
Sanford,Nissan,Sentra,482,17828,0.02703612295265874,YOR,493,3374,3464,0,248,7579,Sanford,Shawn Moody,47.251398172145684
Highland Plt,Chevy,Silverado,2,39,0.05128205128205128,SOM,12,31,56,0,3,102,Highland Plt,Shawn Moody,56.56565656565657
Dennistown Plt,Chevy,Silverado,8,33,0.24242424242424243,SOM,0,4,13,0,2,19,Dennistown Plt,Shawn Moody,76.47058823529412
Hanover,Toyota,Rav4,13,309,0.042071197411003236,OXF,7,70,70,0,4,151,Hanover,Tie,0.0
Lake View Plt,GMC,Sierra,17,138,0.12318840579710146,PIS,3,31,40,0,0,74,Lake View Plt,Shawn Moody,54.054054054054056
Merrill,Chevy,Silverado,20,226,0.08849557522123894,ARO,4,30,57,0,2,93,Merrill,Shawn Moody,62.637362637362635
Dennysville,Chevy,Silverado,22,256,0.0859375,WAS,23,105,115,0,12,255,Dennysville,Shawn Moody,47.325102880658434
Perham,GMC,Sierra,23,319,0.07210031347962383,ARO,9,46,110,0,6,171,Perham,Shawn Moody,66.66666666666667
Wallagrass,Ford,F150,24,402,0.05970149253731343,ARO,15,129,83,0,16,243,Wallagrass,Janet Mills,56.82819383259912
New Vineyard,Ford,F150,28,691,0.04052098408104197,FRA,23,138,192,0,19,372,New Vineyard,Shawn Moody,54.390934844192635
Whiting,GMC,Sierra,39,449,0.08685968819599109,WAS,19,161,131,0,8,319,Whiting,Janet Mills,51.768488745980704
Otis,Chevy,Silverado,42,718,0.0584958217270195,HAN,13,112,252,0,6,383,Otis,Shawn Moody,66.84350132625995
Oakfield,Chevy,Silverado,48,615,0.07804878048780488,ARO,16,96,175,0,11,298,Oakfield,Shawn Moody,60.97560975609756
Eagle Lake,Chevy,Silverado,50,639,0.0782472613458529,ARO,26,173,157,0,17,373,Eagle Lake,Janet Mills,48.59550561797753
Etna,GMC,Sierra,63,1074,0.05865921787709497,PEN,24,176,323,0,16,539,Etna,Shawn Moody,61.75908221797323
Plymouth,GMC,Sierra,67,1204,0.05564784053156146,PEN,28,159,332,0,34,553,Plymouth,Shawn Moody,63.969171483622354
Lee,GMC,Sierra,72,815,0.08834355828220859,PEN,21,115,260,0,4,400,Lee,Shawn Moody,65.65656565656566
Baldwin,Chevy,Silverado,86,1522,0.056504599211563734,CUM,36,247,491,0,14,788,Baldwin,Shawn Moody,63.43669250645995
Harrison,Chevy,Silverado,101,2410,0.041908713692946055,CUM,94,523,607,0,36,1260,Harrison,Shawn Moody,49.591503267973856
Saint Albans,Chevy,Silverado,106,1812,0.05849889624724062,SOM,60,261,568,2,16,907,Saint Albans,Shawn Moody,63.74859708193041
Saint George,Chevy,Silverado,110,2701,0.04072565716401333,KNO,75,868,545,0,27,1515,Saint George,Janet Mills,58.333333333333336
Mexico,Chevy,Silverado,111,2132,0.052063789868667915,OXF,90,474,413,0,24,1001,Mexico,Janet Mills,48.51586489252815
Livermore,Ford,F150,119,2220,0.053603603603603604,AND,85,435,581,1,18,1120,Livermore,Shawn Moody,52.722323049001815
Benton,Chevy,Silverado,123,2447,0.05026563138536984,KEN,74,500,678,0,13,1265,Benton,Shawn Moody,54.153354632587856
Vinalhaven,Chevy,Silverado,127,1509,0.08416169648774023,KNO,41,432,200,0,31,704,Vinalhaven,Janet Mills,64.19019316493313
Milford,Chevy,Silverado,137,2608,0.05253067484662577,PEN,84,687,628,0,33,1432,Milford,Janet Mills,49.10650464617584
Hollis,Chevy,Silverado,213,4405,0.048354143019296254,YOR,110,812,1311,0,45,2278,Hollis,Shawn Moody,58.7102552619794
Monmouth,Chevy,Silverado,215,3987,0.053925257085527964,KEN,159,816,1042,0,36,2053,Monmouth,Shawn Moody,51.660882498760536
Poland,Chevy,Silverado,241,5478,0.04399415845198978,AND,203,1079,1428,1,55,2766,Poland,Shawn Moody,52.67428992991516
Fairfield,Chevy,Silverado,254,5355,0.047432306255835666,SOM,150,1178,1238,0,67,2633,Fairfield,Shawn Moody,48.24629773967264
Portland,Subaru,Forester,1618,48936,0.033063593264672224,CUM,1364,26237,5675,0,806,34082,Portland,Janet Mills,78.84661617982931
Grand Falls Twp,GMC,Sierra,3,20,0.15,PEN,0,4,8,0,0,12,Grand Falls Twp,Shawn Moody,66.66666666666667
Winterville Plt,Chevy,Silverado,16,185,0.08648648648648649,ARO,7,38,56,0,4,105,Winterville Plt,Shawn Moody,55.445544554455445
Weston,Chevy,Silverado,18,229,0.07860262008733625,ARO,4,46,83,0,1,134,Weston,Shawn Moody,62.40601503759399
Roque Bluffs,GMC,Sierra,21,261,0.08045977011494253,WAS,7,89,51,0,7,154,Roque Bluffs,Janet Mills,60.54421768707483
Stow,Chevy,Silverado,23,416,0.055288461538461536,OXF,7,113,71,0,9,200,Stow,Janet Mills,59.16230366492147
Weld,Ford,F150,26,436,0.05963302752293578,FRA,24,123,123,0,1,271,Weld,Tie,0.0
Charlotte,Chevy,Silverado,27,305,0.08852459016393442,WAS,8,63,91,0,9,171,Charlotte,Shawn Moody,56.17283950617284
Alton,GMC,Sierra,36,696,0.05172413793103448,PEN,16,133,215,0,7,371,Alton,Shawn Moody,59.065934065934066
Sedgwick,Chevy,Silverado,46,930,0.04946236559139785,HAN,36,393,242,1,9,681,Sedgwick,Janet Mills,58.482142857142854
Woodstock,Ford,F150,59,1278,0.04616588419405321,OXF,69,247,318,0,14,648,Woodstock,Shawn Moody,50.1577287066246
Sangerville,Ford,F150,59,1206,0.04892205638474295,PIS,26,204,323,0,11,564,Sangerville,Shawn Moody,58.40867992766727
Searsmont,Chevy,Silverado,66,1356,0.048672566371681415,WAL,51,370,320,0,12,753,Searsmont,Janet Mills,49.932523616734144
East Millinocket,GMC,Sierra,72,1404,0.05128205128205128,PEN,39,363,368,0,27,797,East Millinocket,Shawn Moody,47.79220779220779
East Machias,Chevy,Silverado,73,1179,0.06191687871077184,WAS,31,251,283,0,17,582,East Machias,Shawn Moody,50.08849557522124
Machias,Chevy,Silverado,80,1328,0.060240963855421686,WAS,43,383,288,0,30,744,Machias,Janet Mills,53.641456582633054
Manchester,Chevy,Silverado,90,2481,0.036275695284159616,KEN,58,658,707,0,20,1443,Manchester,Shawn Moody,49.68376669009135
Van Buren,Ford,F150,95,1658,0.05729794933655006,ARO,50,346,270,0,61,727,Van Buren,Janet Mills,51.951951951951955
Lincolnville,Chevy,Silverado,95,2416,0.03932119205298013,WAL,66,833,470,0,29,1398,Lincolnville,Janet Mills,60.847333820306794
Acton,Ford,F150,104,2775,0.037477477477477476,YOR,78,445,685,0,29,1237,Acton,Shawn Moody,56.705298013245034
Mapleton,GMC,Sierra,131,1742,0.07520091848450057,ARO,67,273,575,0,25,940,Mapleton,Shawn Moody,62.84153005464481
Bucksport,GMC,Sierra,195,4193,0.04650608156451228,HAN,165,981,1022,0,57,2225,Bucksport,Shawn Moody,47.140221402214024
Jay,Ford,F150,196,4260,0.046009389671361506,FRA,130,1032,949,1,36,2148,Jay,Janet Mills,48.86363636363637
Lyman,Chevy,Silverado,198,4543,0.043583535108958835,YOR,137,876,1117,0,42,2172,Lyman,Shawn Moody,52.44131455399061
South Berwick,Chevy,Silverado,225,6540,0.034403669724770644,YOR,189,1873,1237,1,91,3391,South Berwick,Janet Mills,56.75757575757576
Hermon,Chevy,Silverado,280,5892,0.04752206381534284,PEN,130,1020,1684,0,56,2890,Hermon,Shawn Moody,59.42131263232181
Caribou,GMC,Sierra,328,6235,0.05260625501202887,ARO,281,1141,1594,0,92,3108,Caribou,Shawn Moody,52.851458885941646
Falmouth,Subaru,Outback,347,10867,0.03193153584245882,CUM,307,4413,2791,0,120,7631,Falmouth,Janet Mills,58.75382771934496
