DATE,CEP_LOAD_MWH,TOTAL_CLASS_LOAD_MWH,UTILITY
2023-07-31,211.42857142857142,2176.285714285714,BANGOR HYDRO DISTRICT
2023-06-30,199.0,2027.0,BANGOR HYDRO DISTRICT
2023-05-31,194.57142857142858,1999.857142857143,BANGOR HYDRO DISTRICT
2023-04-30,187.14285714285714,2085.5714285714284,BANGOR HYDRO DISTRICT
2023-03-31,237.57142857142858,2751.5714285714284,BANGOR HYDRO DISTRICT
2023-02-28,231.42857142857142,2701.714285714286,BANGOR HYDRO DISTRICT
2023-01-31,237.57142857142858,2679.8571428571427,BANGOR HYDRO DISTRICT
2022-12-31,226.28571428571428,2491.714285714286,BANGOR HYDRO DISTRICT
2022-11-30,179.28571428571428,1856.7142857142858,BANGOR HYDRO DISTRICT
2022-10-31,193.28571428571428,2020.142857142857,BANGOR HYDRO DISTRICT
2022-09-30,233.14285714285714,2561.4285714285716,BANGOR HYDRO DISTRICT
2022-08-31,226.0,2479.0,BANGOR HYDRO DISTRICT
2022-07-31,202.85714285714286,2112.285714285714,BANGOR HYDRO DISTRICT
2022-06-30,191.85714285714286,1963.142857142857,BANGOR HYDRO DISTRICT
2022-05-31,194.14285714285714,1990.4285714285713,BANGOR HYDRO DISTRICT
2022-04-30,273.14285714285717,2806.8571428571427,BANGOR HYDRO DISTRICT
2022-03-31,260.0,2935.5714285714284,BANGOR HYDRO DISTRICT
2022-02-28,283.14285714285717,3173.5714285714284,BANGOR HYDRO DISTRICT
2022-01-31,255.71428571428572,2866.4285714285716,BANGOR HYDRO DISTRICT
2021-12-31,237.0,2561.0,BANGOR HYDRO DISTRICT
2021-11-30,195.57142857142858,1973.0,BANGOR HYDRO DISTRICT
2021-10-31,194.14285714285714,1938.2857142857142,BANGOR HYDRO DISTRICT
2021-09-30,248.85714285714286,2548.8571428571427,BANGOR HYDRO DISTRICT
2021-08-31,222.0,2265.0,BANGOR HYDRO DISTRICT
2021-07-01,234.42857142857142,2349.8571428571427,BANGOR HYDRO DISTRICT
2021-06-01,215.42857142857142,2086.8571428571427,BANGOR HYDRO DISTRICT
2021-05-01,195.42857142857142,1875.857142857143,BANGOR HYDRO DISTRICT
2021-04-01,219.42857142857142,2154.0,BANGOR HYDRO DISTRICT
2021-03-01,266.85714285714283,2730.1428571428573,BANGOR HYDRO DISTRICT
2021-02-01,262.57142857142856,2692.5714285714284,BANGOR HYDRO DISTRICT
2021-01-01,241.57142857142858,2582.0,BANGOR HYDRO DISTRICT
2020-12-31,241.14285714285714,2525.285714285714,BANGOR HYDRO DISTRICT
2020-11-30,182.14285714285714,1878.142857142857,BANGOR HYDRO DISTRICT
2020-10-31,191.57142857142858,1979.7142857142858,BANGOR HYDRO DISTRICT
2020-09-01,214.0,2241.0,BANGOR HYDRO DISTRICT
2020-08-01,224.14285714285714,2441.714285714286,BANGOR HYDRO DISTRICT
2020-07-01,213.0,2270.285714285714,BANGOR HYDRO DISTRICT
2020-06-01,200.0,2067.0,BANGOR HYDRO DISTRICT
2020-05-01,202.0,2123.0,BANGOR HYDRO DISTRICT
2020-04-01,201.19960879557144,2065.9837975424284,BANGOR HYDRO DISTRICT
2020-03-01,220.0,2218.0,BANGOR HYDRO DISTRICT
2020-02-01,235.63797925914307,2394.4628585542855,BANGOR HYDRO DISTRICT
2020-01-01,252.19785015542843,2514.4274170297144,BANGOR HYDRO DISTRICT
2019-12-01,260.37818008242874,2594.0285354481425,BANGOR HYDRO DISTRICT
2019-11-01,239.0,2372.0,BANGOR HYDRO DISTRICT
2019-10-01,215.0,2142.0,BANGOR HYDRO DISTRICT
2019-09-01,208.0,2013.0,BANGOR HYDRO DISTRICT
2019-08-01,223.0,2139.0,BANGOR HYDRO DISTRICT
2019-07-01,266.8175588705716,2525.0940626320003,BANGOR HYDRO DISTRICT
2019-06-01,223.0,2079.0,BANGOR HYDRO DISTRICT
2019-05-01,214.4423426180001,1998.6697512792857,BANGOR HYDRO DISTRICT
2019-04-01,231.3141533277142,2133.876792813714,BANGOR HYDRO DISTRICT
2019-03-01,240.0,2234.0,BANGOR HYDRO DISTRICT
2019-02-01,279.76759769871416,2632.458102561143,BANGOR HYDRO DISTRICT
2019-01-01,282.35460882171435,2628.094017470286,BANGOR HYDRO DISTRICT
2018-12-01,280.05711416085694,2617.398903291571,BANGOR HYDRO DISTRICT
2018-11-01,253.1827746630001,2357.171106238143,BANGOR HYDRO DISTRICT
2018-10-31,240.57255571614274,2296.226152230714,BANGOR HYDRO DISTRICT
2018-09-18,212.53095050514275,2049.906444999428,BANGOR HYDRO DISTRICT
2018-08-18,257.98601842599993,2481.7249160445713,BANGOR HYDRO DISTRICT
2018-07-01,276.6454361850002,2568.845020067857,BANGOR HYDRO DISTRICT
2018-06-01,224.83931277100004,2106.790261843572,BANGOR HYDRO DISTRICT
2018-05-01,191.07172952885725,2041.9665951768573,BANGOR HYDRO DISTRICT
2018-04-01,191.30324352214276,2048.863639101,BANGOR HYDRO DISTRICT
2018-03-01,221.99287648485708,2254.0683575447147,BANGOR HYDRO DISTRICT
2018-02-18,231.14851629628564,2280.515630291,BANGOR HYDRO DISTRICT
2018-01-01,257.0,2529.259933797143,BANGOR HYDRO DISTRICT
2017-12-01,294.0,2873.5714285714284,BANGOR HYDRO DISTRICT
2017-11-01,234.0,2238.4285714285716,BANGOR HYDRO DISTRICT
2017-10-01,194.4517311434286,1854.6358825785715,BANGOR HYDRO DISTRICT
2017-09-01,247.34776828799997,2235.878149938714,BANGOR HYDRO DISTRICT
2017-08-01,232.02257821828582,2090.1685702877144,BANGOR HYDRO DISTRICT
2017-07-01,244.08203124999997,2219.4965265356923,BANGOR HYDRO DISTRICT
2017-06-01,237.32060832142858,2209.58015125,BANGOR HYDRO DISTRICT
2017-05-01,173.319608,1843.2089284838721,BANGOR HYDRO DISTRICT
2017-04-01,206.11522126666668,2050.6900551333333,BANGOR HYDRO DISTRICT
2017-03-01,267.42857142857144,2644.5714285714284,BANGOR HYDRO DISTRICT
2017-02-01,218.14285714285714,2200.8571428571427,BANGOR HYDRO DISTRICT
2017-01-01,243.42857142857142,2362.285714285714,BANGOR HYDRO DISTRICT
2016-12-01,245.71428571428572,2157.0,BANGOR HYDRO DISTRICT
2016-11-01,234.0,2259.0,BANGOR HYDRO DISTRICT
2016-10-01,222.0,2151.0,BANGOR HYDRO DISTRICT
2016-09-01,213.0,2008.0,BANGOR HYDRO DISTRICT
2016-08-01,242.0,2264.0,BANGOR HYDRO DISTRICT
2016-07-01,245.0,2370.0,BANGOR HYDRO DISTRICT
2016-06-01,236.0,2281.0,BANGOR HYDRO DISTRICT
2016-05-01,221.0,2181.0,BANGOR HYDRO DISTRICT
2016-04-01,205.71428571428572,1997.4285714285713,BANGOR HYDRO DISTRICT
2016-03-01,212.0,2084.1428571428573,BANGOR HYDRO DISTRICT
2016-02-01,218.0,2168.4285714285716,BANGOR HYDRO DISTRICT
2016-01-01,235.42857142857142,2260.8571428571427,BANGOR HYDRO DISTRICT
2015-12-01,245.42857142857142,2372.5714285714284,BANGOR HYDRO DISTRICT
2015-11-01,245.42857142857142,2296.0,BANGOR HYDRO DISTRICT
2015-10-01,228.28571428571428,2114.5714285714284,BANGOR HYDRO DISTRICT
2015-09-01,262.57142857142856,2363.4285714285716,BANGOR HYDRO DISTRICT
2015-08-01,264.14285714285717,2369.285714285714,BANGOR HYDRO DISTRICT
2015-07-01,251.71428571428572,2248.8571428571427,BANGOR HYDRO DISTRICT
2015-06-01,224.0,2008.4285714285713,BANGOR HYDRO DISTRICT
2015-05-01,222.0,2060.0,BANGOR HYDRO DISTRICT
2015-04-01,215.85714285714286,2066.1428571428573,BANGOR HYDRO DISTRICT
2015-03-01,238.71428571428572,2324.4285714285716,BANGOR HYDRO DISTRICT
2015-02-01,272.0,2604.714285714286,BANGOR HYDRO DISTRICT
2015-01-01,292.85714285714283,2652.8571428571427,BANGOR HYDRO DISTRICT
2014-12-01,273.2857142857143,2395.714285714286,BANGOR HYDRO DISTRICT
2014-11-01,291.57142857142856,2187.714285714286,BANGOR HYDRO DISTRICT
2014-10-14,293.0,2119.0,BANGOR HYDRO DISTRICT
2014-09-01,288.57142857142856,2017.7142857142858,BANGOR HYDRO DISTRICT
2014-08-01,345.14285714285717,2332.5714285714284,BANGOR HYDRO DISTRICT
2014-07-01,342.2857142857143,2241.8571428571427,BANGOR HYDRO DISTRICT
2014-06-01,334.57142857142856,2151.0,BANGOR HYDRO DISTRICT
2014-05-01,305.7142857142857,2009.5714285714287,BANGOR HYDRO DISTRICT
2014-04-01,312.14285714285717,2102.4285714285716,BANGOR HYDRO DISTRICT
2014-03-01,343.2857142857143,2381.5714285714284,BANGOR HYDRO DISTRICT
2014-02-01,351.2857142857143,2447.714285714286,BANGOR HYDRO DISTRICT
2014-01-01,387.7142857142857,2651.5714285714284,BANGOR HYDRO DISTRICT
2013-12-01,440.57142857142856,2623.8571428571427,BANGOR HYDRO DISTRICT
2013-11-01,424.14285714285717,2352.285714285714,BANGOR HYDRO DISTRICT
2013-10-01,393.2857142857143,2187.8571428571427,BANGOR HYDRO DISTRICT
2013-09-01,361.7142857142857,2011.0,BANGOR HYDRO DISTRICT
2013-08-01,401.57142857142856,2271.0,BANGOR HYDRO DISTRICT
2013-07-01,412.0,2295.5714285714284,BANGOR HYDRO DISTRICT
2013-06-01,406.57142857142856,2213.5714285714284,BANGOR HYDRO DISTRICT
2013-05-01,360.42857142857144,1976.857142857143,BANGOR HYDRO DISTRICT
2013-04-01,368.14285714285717,2040.857142857143,BANGOR HYDRO DISTRICT
2013-03-01,391.14285714285717,2214.5714285714284,BANGOR HYDRO DISTRICT
2013-02-01,365.14285714285717,2334.1428571428573,BANGOR HYDRO DISTRICT
2013-01-01,394.2857142857143,2594.8571428571427,BANGOR HYDRO DISTRICT
2012-12-01,368.0,2606.4285714285716,BANGOR HYDRO DISTRICT
2012-11-01,295.2857142857143,2342.285714285714,BANGOR HYDRO DISTRICT
2012-10-01,233.42857142857142,2122.4285714285716,BANGOR HYDRO DISTRICT
2012-09-01,223.71428571428572,2091.285714285714,BANGOR HYDRO DISTRICT
2012-08-01,234.28571428571428,2304.714285714286,BANGOR HYDRO DISTRICT
2012-07-01,239.85714285714286,2367.0,BANGOR HYDRO DISTRICT
2012-06-01,206.85714285714286,2165.5714285714284,BANGOR HYDRO DISTRICT
2012-05-01,186.57142857142858,2094.0,BANGOR HYDRO DISTRICT
2012-04-01,160.42857142857142,2003.0,BANGOR HYDRO DISTRICT
2012-03-01,150.42857142857142,2196.0,BANGOR HYDRO DISTRICT
2012-02-01,148.14285714285714,2311.285714285714,BANGOR HYDRO DISTRICT
2012-01-01,148.0,2390.0,BANGOR HYDRO DISTRICT
2011-12-01,145.42857142857142,2534.5714285714284,BANGOR HYDRO DISTRICT
2011-11-01,125.28571428571429,2160.8571428571427,BANGOR HYDRO DISTRICT
2011-10-01,123.0,2166.1428571428573,BANGOR HYDRO DISTRICT
2011-09-11,121.14285714285714,2139.5714285714284,BANGOR HYDRO DISTRICT
2011-08-01,125.0,2235.714285714286,BANGOR HYDRO DISTRICT
2011-07-01,133.28571428571428,2299.714285714286,BANGOR HYDRO DISTRICT
2011-06-01,126.57142857142857,2107.5714285714284,BANGOR HYDRO DISTRICT
2011-05-01,115.0,2079.714285714286,BANGOR HYDRO DISTRICT
2011-04-01,110.0,2029.5714285714287,BANGOR HYDRO DISTRICT
2011-03-01,120.14285714285714,2295.8571428571427,BANGOR HYDRO DISTRICT
2011-02-01,126.14285714285714,2440.8571428571427,BANGOR HYDRO DISTRICT
2011-01-01,134.42857142857142,2588.714285714286,BANGOR HYDRO DISTRICT
2010-12-01,123.57142857142857,2541.5714285714284,BANGOR HYDRO DISTRICT
2010-11-01,115.71428571428571,2302.1428571428573,BANGOR HYDRO DISTRICT
2010-10-01,111.57142857142857,2161.4285714285716,BANGOR HYDRO DISTRICT
2010-09-01,111.14285714285714,2140.4285714285716,BANGOR HYDRO DISTRICT
2010-08-01,116.14285714285714,2415.5714285714284,BANGOR HYDRO DISTRICT
2010-07-01,109.0,2357.0,BANGOR HYDRO DISTRICT
2010-06-01,98.28571428571429,2137.1428571428573,BANGOR HYDRO DISTRICT
2010-05-01,80.28571428571429,2070.714285714286,BANGOR HYDRO DISTRICT
2010-04-01,67.28571428571429,2000.857142857143,BANGOR HYDRO DISTRICT
2010-03-01,70.85714285714286,2286.4285714285716,BANGOR HYDRO DISTRICT
2010-02-01,60.0,2230.1428571428573,BANGOR HYDRO DISTRICT
2010-01-01,66.0,2443.4285714285716,BANGOR HYDRO DISTRICT
2009-12-01,55.0,2505.5714285714284,BANGOR HYDRO DISTRICT
2009-11-01,33.857142857142854,2191.8571428571427,BANGOR HYDRO DISTRICT
2009-10-01,31.0,2167.5714285714284,BANGOR HYDRO DISTRICT
2009-09-01,29.857142857142858,2106.8571428571427,BANGOR HYDRO DISTRICT
2009-08-01,31.571428571428573,2254.285714285714,BANGOR HYDRO DISTRICT
2009-07-01,33.0,2364.714285714286,BANGOR HYDRO DISTRICT
2009-06-01,29.714285714285715,2177.0,BANGOR HYDRO DISTRICT
2009-05-01,18.0,2018.0,BANGOR HYDRO DISTRICT
2009-04-01,17.428571428571427,2042.857142857143,BANGOR HYDRO DISTRICT
2009-03-01,18.0,2244.0,BANGOR HYDRO DISTRICT
2009-02-01,18.0,2383.0,BANGOR HYDRO DISTRICT
2009-01-01,19.0,2613.0,BANGOR HYDRO DISTRICT
2008-12-01,17.142857142857142,2505.0,BANGOR HYDRO DISTRICT
2008-11-01,13.0,2274.0,BANGOR HYDRO DISTRICT
2008-10-01,12.142857142857142,2072.285714285714,BANGOR HYDRO DISTRICT
2008-09-01,12.0,2180.0,BANGOR HYDRO DISTRICT
2008-08-01,13.0,2347.0,BANGOR HYDRO DISTRICT
2008-07-01,11.0,2178.0,BANGOR HYDRO DISTRICT
2008-06-01,10.0,1952.0,BANGOR HYDRO DISTRICT
2008-05-01,10.0,2076.0,BANGOR HYDRO DISTRICT
2008-04-01,13.0,2284.0,BANGOR HYDRO DISTRICT
2008-03-01,15.0,2353.0,BANGOR HYDRO DISTRICT
2008-02-01,17.0,2489.0,BANGOR HYDRO DISTRICT
2008-01-01,18.0,2489.0,BANGOR HYDRO DISTRICT
2007-12-01,17.0,2338.0,BANGOR HYDRO DISTRICT
2007-11-01,13.0,2197.0,BANGOR HYDRO DISTRICT
2007-10-01,13.0,2129.0,BANGOR HYDRO DISTRICT
2007-09-01,16.0,2411.0,BANGOR HYDRO DISTRICT
2007-08-01,17.0,2632.0,BANGOR HYDRO DISTRICT
2007-07-01,15.14,2287.5714285714284,BANGOR HYDRO DISTRICT
2007-06-01,13.0,2064.0,BANGOR HYDRO DISTRICT
2007-05-01,13.6,2132.0,BANGOR HYDRO DISTRICT
2007-04-01,15.0,2382.714285714286,BANGOR HYDRO DISTRICT
2007-03-01,16.0,2364.0,BANGOR HYDRO DISTRICT
2007-02-01,20.857142857142858,2686.0,BANGOR HYDRO DISTRICT
2007-01-01,18.0,2335.4285714285716,BANGOR HYDRO DISTRICT
2006-12-01,18.142857142857142,2255.8571428571427,BANGOR HYDRO DISTRICT
2006-11-01,17.285714285714285,2185.714285714286,BANGOR HYDRO DISTRICT
2006-10-01,17.142857142857142,2112.8571428571427,BANGOR HYDRO DISTRICT
2006-09-01,20.714285714285715,2125.8571428571427,BANGOR HYDRO DISTRICT
2006-08-01,19.0,2527.714285714286,BANGOR HYDRO DISTRICT
2006-07-01,18.0,2300.285714285714,BANGOR HYDRO DISTRICT
2006-06-01,16.142857142857142,2073.8571428571427,BANGOR HYDRO DISTRICT
2006-05-01,17.285714285714285,2030.142857142857,BANGOR HYDRO DISTRICT
2006-04-01,20.714285714285715,2209.1428571428573,BANGOR HYDRO DISTRICT
2006-03-01,21.0,2541.4285714285716,BANGOR HYDRO DISTRICT
2006-02-01,22.0,2584.5714285714284,BANGOR HYDRO DISTRICT
2006-01-01,,,BANGOR HYDRO DISTRICT
2005-12-01,,,BANGOR HYDRO DISTRICT
2005-11-01,,,BANGOR HYDRO DISTRICT
2005-10-01,,,BANGOR HYDRO DISTRICT
2005-09-01,,,BANGOR HYDRO DISTRICT
2005-08-01,,,BANGOR HYDRO DISTRICT
2005-07-01,,,BANGOR HYDRO DISTRICT
2005-06-01,,,BANGOR HYDRO DISTRICT
2005-05-01,,,BANGOR HYDRO DISTRICT
2005-04-01,,,BANGOR HYDRO DISTRICT
2005-03-01,,,BANGOR HYDRO DISTRICT
2005-02-01,,,BANGOR HYDRO DISTRICT
2005-01-01,,,BANGOR HYDRO DISTRICT
2004-12-01,,,BANGOR HYDRO DISTRICT
2004-11-01,,,BANGOR HYDRO DISTRICT
2004-10-01,,,BANGOR HYDRO DISTRICT
2004-09-01,,,BANGOR HYDRO DISTRICT
2004-08-01,,,BANGOR HYDRO DISTRICT
2004-07-01,,,BANGOR HYDRO DISTRICT
2004-06-01,,,BANGOR HYDRO DISTRICT
2004-05-01,,,BANGOR HYDRO DISTRICT
2004-04-01,,,BANGOR HYDRO DISTRICT
2004-03-01,,,BANGOR HYDRO DISTRICT
2004-02-01,,,BANGOR HYDRO DISTRICT
2004-01-01,,,BANGOR HYDRO DISTRICT
2003-12-01,,,BANGOR HYDRO DISTRICT
2003-11-01,,,BANGOR HYDRO DISTRICT
2003-10-01,,,BANGOR HYDRO DISTRICT
2003-09-01,,,BANGOR HYDRO DISTRICT
2003-08-01,,,BANGOR HYDRO DISTRICT
2003-07-01,,,BANGOR HYDRO DISTRICT
2003-06-01,,,BANGOR HYDRO DISTRICT
2003-05-01,,,BANGOR HYDRO DISTRICT
2003-04-01,,,BANGOR HYDRO DISTRICT
2003-02-01,,,BANGOR HYDRO DISTRICT
2003-01-01,,,BANGOR HYDRO DISTRICT
2002-12-01,,,BANGOR HYDRO DISTRICT
2002-11-01,,,BANGOR HYDRO DISTRICT
2002-10-01,,,BANGOR HYDRO DISTRICT
2002-09-01,,,BANGOR HYDRO DISTRICT
2002-08-01,,,BANGOR HYDRO DISTRICT
2002-07-01,,,BANGOR HYDRO DISTRICT
2002-06-01,,,BANGOR HYDRO DISTRICT
2002-05-01,,,BANGOR HYDRO DISTRICT
2002-04-01,,,BANGOR HYDRO DISTRICT
2002-03-01,,,BANGOR HYDRO DISTRICT
2002-02-01,,,BANGOR HYDRO DISTRICT
2002-01-01,,,BANGOR HYDRO DISTRICT
2001-12-01,,,BANGOR HYDRO DISTRICT
2001-11-01,,,BANGOR HYDRO DISTRICT
2001-10-01,,,BANGOR HYDRO DISTRICT
2001-09-01,,,BANGOR HYDRO DISTRICT
2001-08-01,,,BANGOR HYDRO DISTRICT
2001-07-01,,,BANGOR HYDRO DISTRICT
2001-06-01,,,BANGOR HYDRO DISTRICT
2001-05-01,,,BANGOR HYDRO DISTRICT
2001-04-01,,,BANGOR HYDRO DISTRICT
2001-03-01,,,BANGOR HYDRO DISTRICT
2001-02-01,,,BANGOR HYDRO DISTRICT
2001-01-01,,,BANGOR HYDRO DISTRICT
2000-12-01,,,BANGOR HYDRO DISTRICT
2000-11-01,,,BANGOR HYDRO DISTRICT
2000-10-01,,,BANGOR HYDRO DISTRICT
2000-09-01,,,BANGOR HYDRO DISTRICT
2000-08-01,,,BANGOR HYDRO DISTRICT
2023-07-31,1764.3789677419356,13017.650161290323,CENTRAL MAINE POWER CO.
2023-06-30,1481.1288666666667,11070.510066666666,CENTRAL MAINE POWER CO.
2023-05-31,1390.8100322580644,11103.496,CENTRAL MAINE POWER CO.
2023-04-30,1266.4608064516128,11384.939967741935,CENTRAL MAINE POWER CO.
2023-03-31,1554.1318387096774,14782.516322580646,CENTRAL MAINE POWER CO.
2023-02-28,1532.75125,14641.514,CENTRAL MAINE POWER CO.
2023-01-31,1672.3951612903227,15239.056580645161,CENTRAL MAINE POWER CO.
2022-12-31,1683.4375806451612,14477.70864516129,CENTRAL MAINE POWER CO.
2022-11-30,1278.5572666666667,10602.565833333334,CENTRAL MAINE POWER CO.
2022-10-31,1251.5262903225807,10194.087225806452,CENTRAL MAINE POWER CO.
2022-09-30,1574.3143,13046.944566666667,CENTRAL MAINE POWER CO.
2022-08-31,1473.537483870968,14509.905935483872,CENTRAL MAINE POWER CO.
2022-07-31,1530.6993548387097,12361.332258064514,CENTRAL MAINE POWER CO.
2022-06-30,1404.1837333333335,11035.230266666667,CENTRAL MAINE POWER CO.
2022-05-31,1350.5705806451613,10695.842806451614,CENTRAL MAINE POWER CO.
2022-04-30,1476.9041000000002,12087.052533333333,CENTRAL MAINE POWER CO.
2022-03-31,1744.9503870967744,15001.954548387099,CENTRAL MAINE POWER CO.
2022-02-28,1721.355,15580.354428571429,CENTRAL MAINE POWER CO.
2022-01-31,1835.9627741935485,16100.15135483871,CENTRAL MAINE POWER CO.
2021-12-31,1779.2608387096773,14728.354225806452,CENTRAL MAINE POWER CO.
2021-11-30,1371.7087,11015.532666666666,CENTRAL MAINE POWER CO.
2021-10-31,1395.5496451612905,10572.828967741936,CENTRAL MAINE POWER CO.
2021-09-30,1831.8731666666667,14066.153733333333,CENTRAL MAINE POWER CO.
2021-08-31,1733.9497419354839,13224.866709677419,CENTRAL MAINE POWER CO.
2021-07-01,1813.3180322580645,13810.429967741937,CENTRAL MAINE POWER CO.
2021-06-01,1593.0416,12017.143866666669,CENTRAL MAINE POWER CO.
2021-05-01,1327.3023548387096,10131.258161290323,CENTRAL MAINE POWER CO.
2021-04-01,1609.0484333333334,12463.7554,CENTRAL MAINE POWER CO.
2021-03-01,1852.9298064516129,14649.582096774195,CENTRAL MAINE POWER CO.
2021-02-01,1761.2715357142856,14599.658714285715,CENTRAL MAINE POWER CO.
2021-01-01,1862.8201935483871,14477.622709677418,CENTRAL MAINE POWER CO.
2020-12-31,1999.0277096774194,14797.035677419353,CENTRAL MAINE POWER CO.
2020-11-30,1373.1833000000001,10398.471300000001,CENTRAL MAINE POWER CO.
2020-10-31,1503.2327741935485,10727.440838709677,CENTRAL MAINE POWER CO.
2020-09-01,1678.8696333333332,12163.262466666667,CENTRAL MAINE POWER CO.
2020-08-01,2013.8736451612904,14808.789935483874,CENTRAL MAINE POWER CO.
2020-07-01,1886.373,13572.690096774195,CENTRAL MAINE POWER CO.
2020-06-01,1595.3411666666668,11381.2218,CENTRAL MAINE POWER CO.
2020-05-01,1444.8150967741935,10485.579838709677,CENTRAL MAINE POWER CO.
2020-04-01,1707.3318333333332,12478.249566666665,CENTRAL MAINE POWER CO.
2020-03-01,1753.5573870967744,12745.990612903228,CENTRAL MAINE POWER CO.
2020-02-01,1760.173,12652.168206896551,CENTRAL MAINE POWER CO.
2020-01-01,2104.1857741935487,15030.515193548388,CENTRAL MAINE POWER CO.
2019-12-01,2047.6639032258065,14118.999516129034,CENTRAL MAINE POWER CO.
2019-11-01,1507.4559,9937.883600000001,CENTRAL MAINE POWER CO.
2019-10-01,1695.2336129032258,10662.035129032258,CENTRAL MAINE POWER CO.
2019-09-01,1723.6250666666667,11470.665566666668,CENTRAL MAINE POWER CO.
2019-08-01,2130.4082580645163,13527.105290322583,CENTRAL MAINE POWER CO.
2019-07-01,1894.5750967741935,11968.395516129032,CENTRAL MAINE POWER CO.
2019-06-01,1663.0456333333334,10410.246000000001,CENTRAL MAINE POWER CO.
2019-05-01,1756.3552580645162,10940.69335483871,CENTRAL MAINE POWER CO.
2019-04-01,1764.8740333333335,11384.2207,CENTRAL MAINE POWER CO.
2019-03-01,2013.5650322580645,13241.061387096775,CENTRAL MAINE POWER CO.
2019-02-01,2330.145642857143,15389.272285714287,CENTRAL MAINE POWER CO.
2019-01-01,2227.354870967742,14223.869322580646,CENTRAL MAINE POWER CO.
2018-12-01,2118.4153870967743,13432.387225806451,CENTRAL MAINE POWER CO.
2018-11-01,1928.3205666666668,11583.210733333333,CENTRAL MAINE POWER CO.
2018-10-31,1817.3523870967742,10684.10906451613,CENTRAL MAINE POWER CO.
2018-09-18,2272.7100333333333,12691.615,CENTRAL MAINE POWER CO.
2018-08-18,2368.266419354839,13751.82693548387,CENTRAL MAINE POWER CO.
2018-07-01,2094.0522258064516,11907.642894903225,CENTRAL MAINE POWER CO.
2018-06-01,1927.0253666666667,10790.997879800001,CENTRAL MAINE POWER CO.
2018-05-01,1701.2113225806452,9702.755702580645,CENTRAL MAINE POWER CO.
2018-04-01,2008.1630666666667,11838.617400000001,CENTRAL MAINE POWER CO.
2018-03-01,2080.371322580645,12459.01561848387,CENTRAL MAINE POWER CO.
2018-02-18,2554.132035714286,14939.582142857143,CENTRAL MAINE POWER CO.
2018-01-01,2679.8214516129033,15511.444387096773,CENTRAL MAINE POWER CO.
2017-12-01,2123.19235483871,12108.251612903225,CENTRAL MAINE POWER CO.
2017-11-01,2288.417033333333,12066.6952,CENTRAL MAINE POWER CO.
2017-10-01,1860.2529666666667,9930.962366666667,CENTRAL MAINE POWER CO.
2017-09-01,2227.8982666666666,11813.905600000002,CENTRAL MAINE POWER CO.
2017-08-01,2227.8982666666666,11813.905600000002,CENTRAL MAINE POWER CO.
2017-07-01,2203.622193548387,11260.588258064516,CENTRAL MAINE POWER CO.
2017-06-01,2234.8889,11275.591433333333,CENTRAL MAINE POWER CO.
2017-05-01,1995.0638709677419,10130.199483870969,CENTRAL MAINE POWER CO.
2017-04-01,2167.6582000000003,11298.750533333334,CENTRAL MAINE POWER CO.
2017-03-01,2503.8125161290322,13171.969096774195,CENTRAL MAINE POWER CO.
2017-02-01,1952.8461521948007,12623.32475,CENTRAL MAINE POWER CO.
2017-01-01,2830.698193548387,14196.758677419355,CENTRAL MAINE POWER CO.
2016-12-01,2699.2584193548387,12893.943161290324,CENTRAL MAINE POWER CO.
2016-11-01,2162.0121,10063.744833333334,CENTRAL MAINE POWER CO.
2016-10-01,2614.276193548387,9689.563451612903,CENTRAL MAINE POWER CO.
2016-09-01,2605.8710333333333,12506.122866666667,CENTRAL MAINE POWER CO.
2016-08-01,3691.851419354839,13010.419387096774,CENTRAL MAINE POWER CO.
2016-07-01,2494.06664516129,11152.147225806453,CENTRAL MAINE POWER CO.
2016-06-01,2409.3682000000003,10297.519333333334,CENTRAL MAINE POWER CO.
2016-05-01,2185.186,9909.561193548387,CENTRAL MAINE POWER CO.
2016-04-01,2407.1653666666666,11061.086966666666,CENTRAL MAINE POWER CO.
2016-03-01,2700.3854838709676,12473.22577419355,CENTRAL MAINE POWER CO.
2016-02-01,2740.853827586207,12651.286,CENTRAL MAINE POWER CO.
2016-01-01,2816.6705483870965,12643.659967741936,CENTRAL MAINE POWER CO.
2015-12-01,2509.882516129032,12734.420451612901,CENTRAL MAINE POWER CO.
2015-11-01,2209.9491333333335,9461.469066666667,CENTRAL MAINE POWER CO.
2015-10-01,2449.0783225806454,10224.289419354838,CENTRAL MAINE POWER CO.
2015-09-01,2960.3449666666666,12172.1784,CENTRAL MAINE POWER CO.
2015-08-01,2941.788483870968,12029.670161290323,CENTRAL MAINE POWER CO.
2015-07-01,2802.835548387097,11265.109419354838,CENTRAL MAINE POWER CO.
2015-06-01,2589.1773000000003,10235.4703,CENTRAL MAINE POWER CO.
2015-05-01,2324.5369032258063,9303.393548387097,CENTRAL MAINE POWER CO.
2015-04-01,2977.676833333333,12022.745633333334,CENTRAL MAINE POWER CO.
2015-03-01,3428.4764838709675,12432.090451612903,CENTRAL MAINE POWER CO.
2015-02-01,3816.590714285714,14540.618964285715,CENTRAL MAINE POWER CO.
2015-01-01,3822.4762903225806,13869.46993548387,CENTRAL MAINE POWER CO.
2014-12-01,3643.9810967741937,12362.438838709679,CENTRAL MAINE POWER CO.
2014-11-01,3211.320533333333,10509.290166666666,CENTRAL MAINE POWER CO.
2014-10-14,3041.0,9697.0,CENTRAL MAINE POWER CO.
2014-09-01,3663.497766666667,11347.573466666667,CENTRAL MAINE POWER CO.
2014-08-01,3884.906483870968,11697.139258064515,CENTRAL MAINE POWER CO.
2014-07-01,3838.454677419355,11332.85535483871,CENTRAL MAINE POWER CO.
2014-06-01,3419.459366666667,10000.091766666668,CENTRAL MAINE POWER CO.
2014-05-01,3363.1422903225803,9915.395483870967,CENTRAL MAINE POWER CO.
2014-04-01,3839.4755999999998,11540.901766666666,CENTRAL MAINE POWER CO.
2014-03-01,3948.9393225806452,12027.35041935484,CENTRAL MAINE POWER CO.
2014-02-01,4833.815428571428,14608.919642857143,CENTRAL MAINE POWER CO.
2014-01-01,5069.196451612903,14583.310193548386,CENTRAL MAINE POWER CO.
2013-12-01,3565.4545483870966,12727.29948387097,CENTRAL MAINE POWER CO.
2013-11-01,3943.5251,10516.262566666668,CENTRAL MAINE POWER CO.
2013-10-01,3469.430709677419,9177.048322580646,CENTRAL MAINE POWER CO.
2013-09-01,4487.0335000000005,11891.161066666667,CENTRAL MAINE POWER CO.
2013-08-01,4526.627967741935,12072.251774193548,CENTRAL MAINE POWER CO.
2013-07-01,4431.274258064516,11505.152741935484,CENTRAL MAINE POWER CO.
2013-06-01,4345.607333333333,10862.336066666667,CENTRAL MAINE POWER CO.
2013-05-01,3803.6513548387097,9496.365548387097,CENTRAL MAINE POWER CO.
2013-04-01,4376.0257,11111.601133333334,CENTRAL MAINE POWER CO.
2013-03-01,4069.3832258064517,11185.485612903225,CENTRAL MAINE POWER CO.
2013-02-01,4990.7582142857145,14162.499500000002,CENTRAL MAINE POWER CO.
2013-01-01,4623.615677419355,12921.120258064517,CENTRAL MAINE POWER CO.
2012-12-01,4250.717774193548,12029.692741935483,CENTRAL MAINE POWER CO.
2012-11-01,3545.7322333333336,10471.967666666667,CENTRAL MAINE POWER CO.
2012-10-01,3156.882,9900.429903225806,CENTRAL MAINE POWER CO.
2012-09-01,3449.0062666666663,11344.202133333332,CENTRAL MAINE POWER CO.
2012-08-01,3650.0181612903225,12373.973258064518,CENTRAL MAINE POWER CO.
2012-07-01,3216.722548387097,11545.812806451613,CENTRAL MAINE POWER CO.
2012-06-01,2763.6211000000003,10463.160633333333,CENTRAL MAINE POWER CO.
2012-05-01,2242.157709677419,8996.474161290322,CENTRAL MAINE POWER CO.
2012-04-01,2285.5747666666666,10583.173333333332,CENTRAL MAINE POWER CO.
2012-03-01,1756.8124838709678,10611.998225806452,CENTRAL MAINE POWER CO.
2012-02-01,1073.4457586206897,12627.006379310345,CENTRAL MAINE POWER CO.
2012-01-01,840.7991935483872,12515.699774193548,CENTRAL MAINE POWER CO.
2011-12-01,882.915,13246.39,CENTRAL MAINE POWER CO.
2011-11-01,551.712,11034.154999999999,CENTRAL MAINE POWER CO.
2011-10-01,490.05404397899997,10476.62433555757,CENTRAL MAINE POWER CO.
2011-09-11,441.019,10084.96,CENTRAL MAINE POWER CO.
2011-08-01,417.709,10749.62,CENTRAL MAINE POWER CO.
2011-07-01,456.021,12079.596000000001,CENTRAL MAINE POWER CO.
2011-06-01,439.216,10488.176,CENTRAL MAINE POWER CO.
2011-05-01,441.22,10828.044,CENTRAL MAINE POWER CO.
2011-04-01,396.0675157384286,9889.915736271001,CENTRAL MAINE POWER CO.
2011-03-01,443.2566717554286,11448.765354371146,CENTRAL MAINE POWER CO.
2011-02-01,486.9441504425714,12285.33069817243,CENTRAL MAINE POWER CO.
2011-01-01,494.0055656020001,13690.558629502855,CENTRAL MAINE POWER CO.
2010-12-01,509.814,13477.898,CENTRAL MAINE POWER CO.
2010-11-01,465.239,12042.799,CENTRAL MAINE POWER CO.
2010-10-01,412.573,10641.032,CENTRAL MAINE POWER CO.
2010-09-01,397.655,10494.501,CENTRAL MAINE POWER CO.
2010-08-01,424.147,12494.605,CENTRAL MAINE POWER CO.
2010-07-01,408.652,12802.752,CENTRAL MAINE POWER CO.
2010-06-01,389.008,11514.485,CENTRAL MAINE POWER CO.
2010-05-01,347.89,10774.244,CENTRAL MAINE POWER CO.
2010-04-01,309.536,9960.107,CENTRAL MAINE POWER CO.
2010-03-01,339.541,11447.505,CENTRAL MAINE POWER CO.
2010-02-01,340.058,11803.967,CENTRAL MAINE POWER CO.
2010-01-01,351.403,13323.397,CENTRAL MAINE POWER CO.
2009-12-01,293.971,13472.736,CENTRAL MAINE POWER CO.
2009-11-01,237.487,11566.049,CENTRAL MAINE POWER CO.
2009-10-01,211.515,10568.748,CENTRAL MAINE POWER CO.
2009-09-01,176.82,10327.742,CENTRAL MAINE POWER CO.
2009-08-01,180.106,11489.279,CENTRAL MAINE POWER CO.
2009-07-01,192.05,12705.668,CENTRAL MAINE POWER CO.
2009-06-01,168.73,11104.696,CENTRAL MAINE POWER CO.
2009-05-01,136.0,10280.0,CENTRAL MAINE POWER CO.
2009-04-01,127.23,9942.903,CENTRAL MAINE POWER CO.
2009-03-01,131.0,11211.0,CENTRAL MAINE POWER CO.
2009-02-01,138.0,12304.0,CENTRAL MAINE POWER CO.
2009-01-01,155.968,14101.223,CENTRAL MAINE POWER CO.
2008-12-01,146.847,13313.515,CENTRAL MAINE POWER CO.
2008-11-01,138.271,12298.556,CENTRAL MAINE POWER CO.
2008-10-01,100.286,10392.914,CENTRAL MAINE POWER CO.
2008-09-01,98.0,11440.0,CENTRAL MAINE POWER CO.
2008-08-01,109.0,12630.0,CENTRAL MAINE POWER CO.
2008-07-01,103.0,11232.0,CENTRAL MAINE POWER CO.
2008-06-01,88.0,10023.0,CENTRAL MAINE POWER CO.
2008-05-01,92.0,10231.0,CENTRAL MAINE POWER CO.
2008-04-01,109.0,11883.0,CENTRAL MAINE POWER CO.
2008-03-01,136.0,12504.0,CENTRAL MAINE POWER CO.
2008-02-01,136.0,13450.0,CENTRAL MAINE POWER CO.
2008-01-01,130.0,12911.0,CENTRAL MAINE POWER CO.
2007-12-01,123.0,11975.0,CENTRAL MAINE POWER CO.
2007-11-01,103.0,10306.0,CENTRAL MAINE POWER CO.
2007-10-01,102.0,10822.0,CENTRAL MAINE POWER CO.
2007-09-01,109.0,12767.0,CENTRAL MAINE POWER CO.
2007-08-01,118.0,13874.0,CENTRAL MAINE POWER CO.
2007-07-01,112.0,12242.0,CENTRAL MAINE POWER CO.
2007-06-01,99.369,10559.583,CENTRAL MAINE POWER CO.
2007-05-01,100.0,10646.0,CENTRAL MAINE POWER CO.
2007-04-01,104.0,11397.146,CENTRAL MAINE POWER CO.
2007-03-01,117.0,12573.842,CENTRAL MAINE POWER CO.
2007-02-01,113.0,14197.684,CENTRAL MAINE POWER CO.
2007-01-01,99.0,13074.0,CENTRAL MAINE POWER CO.
2006-12-01,92.0,11614.488,CENTRAL MAINE POWER CO.
2006-11-01,79.0,10809.702,CENTRAL MAINE POWER CO.
2006-10-01,70.0,10464.18,CENTRAL MAINE POWER CO.
2006-09-01,68.0,11090.11,CENTRAL MAINE POWER CO.
2006-08-01,93.0,13947.469,CENTRAL MAINE POWER CO.
2006-07-01,82.0,11912.298,CENTRAL MAINE POWER CO.
2006-06-01,73.0,10478.114,CENTRAL MAINE POWER CO.
2006-05-01,66.0,10156.719,CENTRAL MAINE POWER CO.
2006-04-01,68.0,11042.603,CENTRAL MAINE POWER CO.
2006-03-01,73.0,13041.479,CENTRAL MAINE POWER CO.
2006-02-01,67.0,12725.0,CENTRAL MAINE POWER CO.
2006-01-01,67.0,13250.0,CENTRAL MAINE POWER CO.
2005-12-01,,,CENTRAL MAINE POWER CO.
2005-11-01,,,CENTRAL MAINE POWER CO.
2005-10-01,,,CENTRAL MAINE POWER CO.
2005-09-01,,,CENTRAL MAINE POWER CO.
2005-08-01,,,CENTRAL MAINE POWER CO.
2005-07-01,,,CENTRAL MAINE POWER CO.
2005-06-01,,,CENTRAL MAINE POWER CO.
2005-05-01,,,CENTRAL MAINE POWER CO.
2005-04-01,,,CENTRAL MAINE POWER CO.
2005-03-01,,,CENTRAL MAINE POWER CO.
2005-02-01,,,CENTRAL MAINE POWER CO.
2005-01-01,,,CENTRAL MAINE POWER CO.
2004-12-01,,,CENTRAL MAINE POWER CO.
2004-11-01,,,CENTRAL MAINE POWER CO.
2004-10-01,,,CENTRAL MAINE POWER CO.
2004-09-01,,,CENTRAL MAINE POWER CO.
2004-08-01,,,CENTRAL MAINE POWER CO.
2004-07-01,,,CENTRAL MAINE POWER CO.
2004-06-01,,,CENTRAL MAINE POWER CO.
2004-05-01,,,CENTRAL MAINE POWER CO.
2004-04-01,,,CENTRAL MAINE POWER CO.
2004-03-01,,,CENTRAL MAINE POWER CO.
2004-02-01,,,CENTRAL MAINE POWER CO.
2004-01-01,,,CENTRAL MAINE POWER CO.
2003-12-01,,,CENTRAL MAINE POWER CO.
2003-11-01,,,CENTRAL MAINE POWER CO.
2003-10-01,,,CENTRAL MAINE POWER CO.
2003-09-01,,,CENTRAL MAINE POWER CO.
2003-08-01,,,CENTRAL MAINE POWER CO.
2003-07-01,,,CENTRAL MAINE POWER CO.
2003-06-01,,,CENTRAL MAINE POWER CO.
2003-05-01,,,CENTRAL MAINE POWER CO.
2003-04-01,,,CENTRAL MAINE POWER CO.
2003-02-01,,,CENTRAL MAINE POWER CO.
2003-01-01,,,CENTRAL MAINE POWER CO.
2002-12-01,,,CENTRAL MAINE POWER CO.
2002-11-01,,,CENTRAL MAINE POWER CO.
2002-10-01,,,CENTRAL MAINE POWER CO.
2002-09-01,,,CENTRAL MAINE POWER CO.
2002-08-01,,,CENTRAL MAINE POWER CO.
2002-07-01,,,CENTRAL MAINE POWER CO.
2002-06-01,,,CENTRAL MAINE POWER CO.
2002-05-01,,,CENTRAL MAINE POWER CO.
2002-04-01,,,CENTRAL MAINE POWER CO.
2002-03-01,,,CENTRAL MAINE POWER CO.
2002-02-01,,,CENTRAL MAINE POWER CO.
2002-01-01,,,CENTRAL MAINE POWER CO.
2001-12-01,,,CENTRAL MAINE POWER CO.
2001-11-01,,,CENTRAL MAINE POWER CO.
2001-10-01,,,CENTRAL MAINE POWER CO.
2001-09-01,,,CENTRAL MAINE POWER CO.
2001-08-01,,,CENTRAL MAINE POWER CO.
2001-07-01,,,CENTRAL MAINE POWER CO.
2001-06-01,,,CENTRAL MAINE POWER CO.
2001-05-01,,,CENTRAL MAINE POWER CO.
2001-04-01,,,CENTRAL MAINE POWER CO.
2001-03-01,,,CENTRAL MAINE POWER CO.
2001-02-01,,,CENTRAL MAINE POWER CO.
2001-01-01,,,CENTRAL MAINE POWER CO.
2000-12-01,,,CENTRAL MAINE POWER CO.
2000-11-01,,,CENTRAL MAINE POWER CO.
2000-10-01,,,CENTRAL MAINE POWER CO.
2000-09-01,,,CENTRAL MAINE POWER CO.
2000-08-01,,,CENTRAL MAINE POWER CO.
2023-07-31,20.225806451612904,716.6774193548387,MAINE PUBLIC SERVICE
2023-06-30,18.0,682.0,MAINE PUBLIC SERVICE
2023-05-31,23.193548387096776,661.741935483871,MAINE PUBLIC SERVICE
2023-04-30,21.066666666666666,815.1666666666666,MAINE PUBLIC SERVICE
2023-03-31,29.29032258064516,902.9677419354839,MAINE PUBLIC SERVICE
2023-02-28,32.714285714285715,1022.7857142857143,MAINE PUBLIC SERVICE
2023-01-31,20.548387096774192,972.5483870967741,MAINE PUBLIC SERVICE
2022-12-31,19.451612903225808,933.258064516129,MAINE PUBLIC SERVICE
2022-11-30,20.466666666666665,709.8666666666667,MAINE PUBLIC SERVICE
2022-10-31,16.870967741935484,669.8064516129032,MAINE PUBLIC SERVICE
2022-09-30,18.4,747.8666666666667,MAINE PUBLIC SERVICE
2022-08-31,20.0,703.0,MAINE PUBLIC SERVICE
2022-07-31,22.870967741935484,669.741935483871,MAINE PUBLIC SERVICE
2022-06-30,21.8,674.1666666666666,MAINE PUBLIC SERVICE
2022-05-31,22.741935483870968,723.5483870967741,MAINE PUBLIC SERVICE
2022-04-30,37.833333333333336,1002.1,MAINE PUBLIC SERVICE
2022-03-31,32.935483870967744,1023.741935483871,MAINE PUBLIC SERVICE
2022-02-28,36.464285714285715,1133.4285714285713,MAINE PUBLIC SERVICE
2022-01-31,33.096774193548384,1058.032258064516,MAINE PUBLIC SERVICE
2021-12-31,30.0,957.0,MAINE PUBLIC SERVICE
2021-11-30,18.5,747.7,MAINE PUBLIC SERVICE
2021-10-31,20.032258064516128,665.6774193548387,MAINE PUBLIC SERVICE
2021-09-30,24.466666666666665,797.4666666666667,MAINE PUBLIC SERVICE
2021-08-31,18.0,613.0,MAINE PUBLIC SERVICE
2021-07-01,18.5058064516129,723.5192903225807,MAINE PUBLIC SERVICE
2021-06-01,17.130633333333332,669.1795666666668,MAINE PUBLIC SERVICE
2021-05-01,17.216741935483874,674.8489032258066,MAINE PUBLIC SERVICE
2021-04-01,20.1099,801.7154333333333,MAINE PUBLIC SERVICE
2021-03-01,21.552419354838708,854.9986774193547,MAINE PUBLIC SERVICE
2021-02-01,24.337857142857143,963.3770714285714,MAINE PUBLIC SERVICE
2021-01-01,23.188032258064514,950.3891612903227,MAINE PUBLIC SERVICE
2020-12-31,19.379677419354838,850.7827096774193,MAINE PUBLIC SERVICE
2020-11-30,18.8812,776.2972333333333,MAINE PUBLIC SERVICE
2020-10-31,16.744387096774194,680.8065161290323,MAINE PUBLIC SERVICE
2020-09-01,14.0,651.0,MAINE PUBLIC SERVICE
2020-08-01,17.273870967741935,747.9351612903226,MAINE PUBLIC SERVICE
2020-07-01,18.427612903225807,770.0072580645162,MAINE PUBLIC SERVICE
2020-06-01,17.0,655.0,MAINE PUBLIC SERVICE
2020-05-01,18.0,721.0,MAINE PUBLIC SERVICE
2020-04-01,20.6493,781.4091666666666,MAINE PUBLIC SERVICE
2020-03-01,23.0,846.0,MAINE PUBLIC SERVICE
2020-02-01,28.298172413793104,953.2012068965516,MAINE PUBLIC SERVICE
2020-01-01,32.324354838709674,949.8703548387097,MAINE PUBLIC SERVICE
2019-12-01,30.65509677419355,899.3068064516129,MAINE PUBLIC SERVICE
2019-11-01,23.0,791.0,MAINE PUBLIC SERVICE
2019-10-01,21.0,667.0,MAINE PUBLIC SERVICE
2019-09-01,21.0,683.0,MAINE PUBLIC SERVICE
2019-08-01,20.0,686.0,MAINE PUBLIC SERVICE
2019-07-01,20.94467741935484,676.7743548387097,MAINE PUBLIC SERVICE
2019-06-01,24.0,649.0,MAINE PUBLIC SERVICE
2019-05-01,24.161451612903225,819.6475161290323,MAINE PUBLIC SERVICE
2019-04-01,29.208633333333335,817.8726333333332,MAINE PUBLIC SERVICE
2019-03-01,28.0,827.0,MAINE PUBLIC SERVICE
2019-02-01,34.327642857142855,1083.9855357142856,MAINE PUBLIC SERVICE
2019-01-01,27.682032258064517,958.5421935483871,MAINE PUBLIC SERVICE
2018-12-01,26.345806451612905,891.7079677419355,MAINE PUBLIC SERVICE
2018-11-01,25.602266666666665,855.3920666666667,MAINE PUBLIC SERVICE
2018-10-31,21.796645161290325,672.2599677419355,MAINE PUBLIC SERVICE
2018-09-18,21.900266666666667,702.5380666666666,MAINE PUBLIC SERVICE
2018-08-18,23.014903225806453,772.5606129032259,MAINE PUBLIC SERVICE
2018-07-01,22.451612903225808,665.483870967742,MAINE PUBLIC SERVICE
2018-06-01,22.7,669.6333333333333,MAINE PUBLIC SERVICE
2018-05-01,24.161290322580644,692.8387096774194,MAINE PUBLIC SERVICE
2018-04-01,26.466666666666665,779.0666666666667,MAINE PUBLIC SERVICE
2018-03-01,25.42567741935484,792.8858709677419,MAINE PUBLIC SERVICE
2018-02-18,30.916392857142856,1015.6906071428572,MAINE PUBLIC SERVICE
2018-01-01,28.806451612903224,980.8620322580646,MAINE PUBLIC SERVICE
2017-12-01,26.489870967741936,861.6347419354839,MAINE PUBLIC SERVICE
2017-11-01,24.105900000000002,746.6035666666667,MAINE PUBLIC SERVICE
2017-10-01,22.241516129032256,672.5248387096774,MAINE PUBLIC SERVICE
2017-09-01,23.585166666666666,692.6744,MAINE PUBLIC SERVICE
2017-08-01,23.736129032258066,689.3752903225806,MAINE PUBLIC SERVICE
2017-07-01,22.88032258064516,664.0147096774194,MAINE PUBLIC SERVICE
2017-06-01,24.002333333333336,694.5698333333333,MAINE PUBLIC SERVICE
2017-05-01,25.258064516129032,674.2258064516129,MAINE PUBLIC SERVICE
2017-04-01,26.766666666666666,800.4333333333333,MAINE PUBLIC SERVICE
2017-03-01,27.032258064516128,836.0967741935484,MAINE PUBLIC SERVICE
2017-02-01,30.035714285714285,921.5357142857143,MAINE PUBLIC SERVICE
2017-01-01,29.903225806451612,974.6451612903226,MAINE PUBLIC SERVICE
2016-12-01,29.35483870967742,1029.774193548387,MAINE PUBLIC SERVICE
2016-11-01,30.1,888.7333333333333,MAINE PUBLIC SERVICE
2016-10-01,31.225806451612904,691.0645161290323,MAINE PUBLIC SERVICE
2016-09-01,23.266666666666666,719.0666666666667,MAINE PUBLIC SERVICE
2016-08-01,27.129032258064516,765.6774193548387,MAINE PUBLIC SERVICE
2016-07-01,18.032258064516128,899.7096774193549,MAINE PUBLIC SERVICE
2016-06-01,16.1,679.9,MAINE PUBLIC SERVICE
2016-05-01,16.548387096774192,662.516129032258,MAINE PUBLIC SERVICE
2016-04-01,17.9,811.7,MAINE PUBLIC SERVICE
2016-03-01,18.516129032258064,870.9032258064516,MAINE PUBLIC SERVICE
2016-02-01,19.517241379310345,893.551724137931,MAINE PUBLIC SERVICE
2016-01-01,18.0438064516129,899.7151290322581,MAINE PUBLIC SERVICE
2015-12-01,17.193548387096776,798.2903225806451,MAINE PUBLIC SERVICE
2015-11-01,15.266666666666667,763.9333333333333,MAINE PUBLIC SERVICE
2015-10-01,11.612903225806452,689.4516129032259,MAINE PUBLIC SERVICE
2015-09-01,7.9,735.5333333333333,MAINE PUBLIC SERVICE
2015-08-01,5.67741935483871,720.8064516129032,MAINE PUBLIC SERVICE
2015-07-01,5.419354838709677,663.258064516129,MAINE PUBLIC SERVICE
2015-06-01,6.133333333333334,675.9333333333333,MAINE PUBLIC SERVICE
2015-05-01,4.580645161290323,654.258064516129,MAINE PUBLIC SERVICE
2015-04-01,5.4,866.4333333333333,MAINE PUBLIC SERVICE
2015-03-01,5.451612903225806,853.4193548387096,MAINE PUBLIC SERVICE
2015-02-01,5.892857142857143,1028.0714285714287,MAINE PUBLIC SERVICE
2015-01-01,5.612903225806452,950.5806451612904,MAINE PUBLIC SERVICE
2014-12-01,6.645161290322581,871.483870967742,MAINE PUBLIC SERVICE
2014-11-01,7.3,761.7333333333333,MAINE PUBLIC SERVICE
2014-10-14,8.0,733.0,MAINE PUBLIC SERVICE
2014-09-01,8.2,707.7,MAINE PUBLIC SERVICE
2014-08-01,8.935483870967742,742.9677419354839,MAINE PUBLIC SERVICE
2014-07-01,8.741935483870968,683.1935483870968,MAINE PUBLIC SERVICE
2014-06-01,9.066666666666666,692.0333333333333,MAINE PUBLIC SERVICE
2014-05-01,8.483870967741936,715.4516129032259,MAINE PUBLIC SERVICE
2014-04-01,7.866666666666666,797.1,MAINE PUBLIC SERVICE
2014-03-01,8.0,865.5483870967741,MAINE PUBLIC SERVICE
2014-02-01,10.964285714285714,1078.75,MAINE PUBLIC SERVICE
2014-01-01,8.838709677419354,1055.032258064516,MAINE PUBLIC SERVICE
2013-12-01,6.580645161290323,854.741935483871,MAINE PUBLIC SERVICE
2013-11-01,6.4,821.7333333333333,MAINE PUBLIC SERVICE
2013-10-01,6.193548387096774,706.5806451612904,MAINE PUBLIC SERVICE
2013-09-01,6.833333333333333,696.4666666666667,MAINE PUBLIC SERVICE
2013-08-01,6.225806451612903,713.8709677419355,MAINE PUBLIC SERVICE
2013-07-01,6.225806451612903,704.3870967741935,MAINE PUBLIC SERVICE
2013-06-01,6.033333333333333,655.3666666666667,MAINE PUBLIC SERVICE
2013-05-01,6.161290322580645,699.3548387096774,MAINE PUBLIC SERVICE
2013-04-01,6.6,749.2333333333333,MAINE PUBLIC SERVICE
2013-03-01,7.129032258064516,786.7096774193549,MAINE PUBLIC SERVICE
2013-02-01,7.678571428571429,1074.7142857142858,MAINE PUBLIC SERVICE
2013-01-01,3.967741935483871,914.3548387096774,MAINE PUBLIC SERVICE
2012-12-01,3.2580645161290325,830.6774193548387,MAINE PUBLIC SERVICE
2012-11-01,2.8333333333333335,770.6333333333333,MAINE PUBLIC SERVICE
2012-10-01,2.6774193548387095,705.741935483871,MAINE PUBLIC SERVICE
2012-09-01,2.6666666666666665,710.0333333333333,MAINE PUBLIC SERVICE
2012-08-01,3.193548387096774,740.9354838709677,MAINE PUBLIC SERVICE
2012-07-01,2.935483870967742,676.5806451612904,MAINE PUBLIC SERVICE
2012-06-01,2.933333333333333,692.6,MAINE PUBLIC SERVICE
2012-05-01,2.6774193548387095,657.6774193548387,MAINE PUBLIC SERVICE
2012-04-01,2.6333333333333333,744.6333333333333,MAINE PUBLIC SERVICE
2012-03-01,2.3548387096774195,807.7741935483871,MAINE PUBLIC SERVICE
2012-02-01,2.206896551724138,902.8275862068965,MAINE PUBLIC SERVICE
2012-01-01,2.4193548387096775,934.741935483871,MAINE PUBLIC SERVICE
2011-12-01,2.5161290322580645,805.7096774193549,MAINE PUBLIC SERVICE
2011-11-01,3.3666666666666667,761.1666666666666,MAINE PUBLIC SERVICE
2011-10-01,3.3548387096774195,670.9677419354839,MAINE PUBLIC SERVICE
2011-09-11,2.8666666666666667,723.3666666666667,MAINE PUBLIC SERVICE
2011-08-01,4.064516129032258,691.4193548387096,MAINE PUBLIC SERVICE
2011-07-01,2.6451612903225805,649.4193548387096,MAINE PUBLIC SERVICE
2011-06-01,2.903225806451613,675.741935483871,MAINE PUBLIC SERVICE
2011-05-01,2.193548387096774,646.5806451612904,MAINE PUBLIC SERVICE
2011-04-01,2.096774193548387,716.7096774193549,MAINE PUBLIC SERVICE
2011-03-01,2.3548387096774195,829.6774193548387,MAINE PUBLIC SERVICE
2011-02-01,2.607142857142857,930.3571428571429,MAINE PUBLIC SERVICE
2011-01-01,2.806451612903226,884.8387096774194,MAINE PUBLIC SERVICE
2010-12-01,2.6451612903225805,816.0645161290323,MAINE PUBLIC SERVICE
2010-11-01,3.433333333333333,752.1333333333333,MAINE PUBLIC SERVICE
2010-10-01,3.3225806451612905,674.9032258064516,MAINE PUBLIC SERVICE
2010-09-01,1.6451612903225807,674.2903225806451,MAINE PUBLIC SERVICE
2010-08-01,1.2903225806451613,710.1612903225806,MAINE PUBLIC SERVICE
2010-07-01,1.1935483870967742,730.8064516129032,MAINE PUBLIC SERVICE
2010-06-01,1.5,637.3666666666667,MAINE PUBLIC SERVICE
2010-05-01,1.5161290322580645,627.0645161290323,MAINE PUBLIC SERVICE
2010-04-01,1.7666666666666666,771.5333333333333,MAINE PUBLIC SERVICE
2010-03-01,1.5,766.1333333333333,MAINE PUBLIC SERVICE
2010-02-01,1.6428571428571428,769.8709677419355,MAINE PUBLIC SERVICE
2010-01-01,1.3225806451612903,913.9354838709677,MAINE PUBLIC SERVICE
2009-12-01,0.9032258064516129,779.1935483870968,MAINE PUBLIC SERVICE
2009-11-01,1.5333333333333334,795.5333333333333,MAINE PUBLIC SERVICE
2009-10-01,2.033333333333333,738.1666666666666,MAINE PUBLIC SERVICE
2009-09-01,0.6,679.5,MAINE PUBLIC SERVICE
2009-08-01,0.3870967741935484,669.4516129032259,MAINE PUBLIC SERVICE
2009-07-01,0.3870967741935484,696.3225806451613,MAINE PUBLIC SERVICE
2009-06-01,0.4,628.9333333333333,MAINE PUBLIC SERVICE
2009-05-01,0.3548387096774194,645.8387096774194,MAINE PUBLIC SERVICE
2009-04-01,0.5806451612903226,720.9354838709677,MAINE PUBLIC SERVICE
2009-03-01,3.5806451612903225,814.1290322580645,MAINE PUBLIC SERVICE
2009-02-01,2.4838709677419355,836.8064516129032,MAINE PUBLIC SERVICE
2009-01-01,3.0,996.0,MAINE PUBLIC SERVICE
2008-12-01,4.0,808.0,MAINE PUBLIC SERVICE
2008-11-01,3.6333333333333333,760.1666666666666,MAINE PUBLIC SERVICE
2008-10-01,2.6666666666666665,684.9,MAINE PUBLIC SERVICE
2008-09-01,3.0,685.0,MAINE PUBLIC SERVICE
2008-08-01,2.0,731.0,MAINE PUBLIC SERVICE
2008-07-01,2.0,659.0,MAINE PUBLIC SERVICE
2008-06-01,2.903225806451613,663.3225806451613,MAINE PUBLIC SERVICE
2008-05-01,3.6,770.4333333333333,MAINE PUBLIC SERVICE
2008-04-01,3.4,751.0,MAINE PUBLIC SERVICE
2008-03-01,5.0,917.0,MAINE PUBLIC SERVICE
2008-02-01,3.064516129032258,913.2258064516129,MAINE PUBLIC SERVICE
2008-01-01,3.0,860.0,MAINE PUBLIC SERVICE
2007-12-01,3.2333333333333334,756.9666666666667,MAINE PUBLIC SERVICE
2007-11-01,3.032258064516129,654.0645161290323,MAINE PUBLIC SERVICE
2007-10-01,3.433333333333333,695.0333333333333,MAINE PUBLIC SERVICE
2007-09-01,2.838709677419355,718.483870967742,MAINE PUBLIC SERVICE
2007-08-01,2.4838709677419355,650.1612903225806,MAINE PUBLIC SERVICE
2007-07-01,3.933333333333333,688.8666666666667,MAINE PUBLIC SERVICE
2007-06-01,4.096774193548387,677.1290322580645,MAINE PUBLIC SERVICE
2007-05-01,6.0,767.0,MAINE PUBLIC SERVICE
2007-04-01,6.483870967741935,807.8709677419355,MAINE PUBLIC SERVICE
2007-03-01,10.0,962.0,MAINE PUBLIC SERVICE
2007-02-01,13.03225806451613,883.741935483871,MAINE PUBLIC SERVICE
2007-01-01,12.064516129032258,806.8064516129032,MAINE PUBLIC SERVICE
2006-12-01,11.833333333333334,752.1333333333333,MAINE PUBLIC SERVICE
2006-11-01,12.387096774193548,685.0967741935484,MAINE PUBLIC SERVICE
2006-10-01,11.833333333333334,694.0,MAINE PUBLIC SERVICE
2006-09-01,11.161290322580646,682.9677419354839,MAINE PUBLIC SERVICE
2006-08-01,11.483870967741936,726.1935483870968,MAINE PUBLIC SERVICE
2006-07-01,12.366666666666667,710.4,MAINE PUBLIC SERVICE
2006-06-01,11.709677419354838,631.6451612903226,MAINE PUBLIC SERVICE
2006-05-01,37.13333333333333,763.0333333333333,MAINE PUBLIC SERVICE
2006-04-01,53.25806451612903,797.9677419354839,MAINE PUBLIC SERVICE
2006-03-01,58.67857142857143,845.0357142857143,MAINE PUBLIC SERVICE
2006-02-01,63.83870967741935,910.2903225806451,MAINE PUBLIC SERVICE
2006-01-01,59.903225806451616,816.8064516129032,MAINE PUBLIC SERVICE
2005-12-01,56.53333333333333,754.9666666666667,MAINE PUBLIC SERVICE
2005-11-01,47.935483870967744,677.8709677419355,MAINE PUBLIC SERVICE
2005-10-01,48.4,711.3333333333334,MAINE PUBLIC SERVICE
2005-09-01,50.064516129032256,677.4193548387096,MAINE PUBLIC SERVICE
2005-08-01,51.774193548387096,709.6774193548387,MAINE PUBLIC SERVICE
2005-07-01,50.8,692.8666666666667,MAINE PUBLIC SERVICE
2005-06-01,65.61290322580645,672.5483870967741,MAINE PUBLIC SERVICE
2005-05-01,79.3,748.7333333333333,MAINE PUBLIC SERVICE
2005-04-01,88.03225806451613,807.1290322580645,MAINE PUBLIC SERVICE
2005-03-01,113.71428571428571,897.4285714285714,MAINE PUBLIC SERVICE
2005-02-01,116.83870967741936,927.1935483870968,MAINE PUBLIC SERVICE
2005-01-01,109.93548387096774,846.5806451612904,MAINE PUBLIC SERVICE
2004-12-01,,,MAINE PUBLIC SERVICE
2004-11-01,,,MAINE PUBLIC SERVICE
2004-10-01,,,MAINE PUBLIC SERVICE
2004-09-01,,,MAINE PUBLIC SERVICE
2004-08-01,,,MAINE PUBLIC SERVICE
2004-07-01,,,MAINE PUBLIC SERVICE
2004-06-01,,,MAINE PUBLIC SERVICE
2004-05-01,,,MAINE PUBLIC SERVICE
2004-04-01,,,MAINE PUBLIC SERVICE
2004-03-01,,,MAINE PUBLIC SERVICE
2004-02-01,,,MAINE PUBLIC SERVICE
2004-01-01,,,MAINE PUBLIC SERVICE
2003-12-01,,,MAINE PUBLIC SERVICE
2003-11-01,,,MAINE PUBLIC SERVICE
2003-10-01,,,MAINE PUBLIC SERVICE
2003-09-01,,,MAINE PUBLIC SERVICE
2003-08-01,,,MAINE PUBLIC SERVICE
2003-07-01,,,MAINE PUBLIC SERVICE
2003-06-01,,,MAINE PUBLIC SERVICE
2003-05-01,,,MAINE PUBLIC SERVICE
2003-04-01,,,MAINE PUBLIC SERVICE
2003-02-01,,,MAINE PUBLIC SERVICE
2003-01-01,,,MAINE PUBLIC SERVICE
2002-12-01,,,MAINE PUBLIC SERVICE
2002-11-01,,,MAINE PUBLIC SERVICE
2002-10-01,,,MAINE PUBLIC SERVICE
2002-09-01,,,MAINE PUBLIC SERVICE
2002-08-01,,,MAINE PUBLIC SERVICE
2002-07-01,,,MAINE PUBLIC SERVICE
2002-06-01,,,MAINE PUBLIC SERVICE
2002-05-01,,,MAINE PUBLIC SERVICE
2002-04-01,,,MAINE PUBLIC SERVICE
2002-03-01,,,MAINE PUBLIC SERVICE
2002-02-01,,,MAINE PUBLIC SERVICE
2002-01-01,,,MAINE PUBLIC SERVICE
2001-12-01,,,MAINE PUBLIC SERVICE
2001-11-01,,,MAINE PUBLIC SERVICE
2001-10-01,,,MAINE PUBLIC SERVICE
2001-09-01,,,MAINE PUBLIC SERVICE
2001-08-01,,,MAINE PUBLIC SERVICE
2001-07-01,,,MAINE PUBLIC SERVICE
2001-06-01,,,MAINE PUBLIC SERVICE
2001-05-01,,,MAINE PUBLIC SERVICE
2001-04-01,,,MAINE PUBLIC SERVICE
2001-03-01,,,MAINE PUBLIC SERVICE
2001-02-01,,,MAINE PUBLIC SERVICE
2001-01-01,,,MAINE PUBLIC SERVICE
2000-12-01,,,MAINE PUBLIC SERVICE
2000-11-01,,,MAINE PUBLIC SERVICE
2000-10-01,,,MAINE PUBLIC SERVICE
2000-09-01,,,MAINE PUBLIC SERVICE
2000-08-01,,,MAINE PUBLIC SERVICE
